"","text","favorited","favoriteCount","replyToSN","created","truncated","replyToSID","id","replyToUID","statusSource","screenName","retweetCount","isRetweet","retweeted","longitude","latitude"
"1","@khaled1409 @manan_doshi @gag_aggarwal @anupampom @manishadassi @DrLighthunter @Nair_Sanj @Errantnephron @unicipa… https://t.co/iwBd6a3twc",FALSE,17,"arvindcanchi",2017-09-02 04:26:05,TRUE,"903311268089434112","903836402873384960","2913871934","<a href=""http://twitter.com/download/iphone"" rel=""nofollow"">Twitter for iPhone</a>","arvindcanchi",15,FALSE,FALSE,NA,NA
"2","@sibgokcay @drnabinbasnet @unicipa @EdoardoMelilli @manishadassi @wittykidney @poyanmehr @raja_1980 @ISNeducation… https://t.co/93EuDVMXis",FALSE,1,"sibgokcay",2017-09-01 06:40:05,TRUE,"903491980264488960","903507738776309760","99278220","<a href=""http://twitter.com/download/android"" rel=""nofollow"">Twitter for Android</a>","arvindcanchi",0,FALSE,FALSE,NA,NA
"3","@sibgokcay @drnabinbasnet @unicipa @EdoardoMelilli @manishadassi @wittykidney @poyanmehr @raja_1980 @ISNeducation… https://t.co/ektgNPKesA",FALSE,2,"sibgokcay",2017-09-01 06:35:48,TRUE,"903493647160688640","903506657732288512","99278220","<a href=""http://twitter.com/download/iphone"" rel=""nofollow"">Twitter for iPhone</a>","arvindcanchi",0,FALSE,FALSE,NA,NA
"4","@khaled1409 @arvindcanchi @manan_doshi @gag_aggarwal @manishadassi @DrLighthunter @Nair_Sanj @Errantnephron… https://t.co/AAmnlynV7Z",FALSE,1,"khaled1409",2017-09-01 04:56:17,TRUE,"903479856591020032","903481613337583616","254273418","<a href=""https://mobile.twitter.com"" rel=""nofollow"">Twitter Lite</a>","anupampom",0,FALSE,FALSE,NA,NA
"5","@anupampom @arvindcanchi @manan_doshi @gag_aggarwal @manishadassi @DrLighthunter @Nair_Sanj @Errantnephron @unicipa… https://t.co/gwGV5QQiys",FALSE,6,"anupampom",2017-09-01 04:49:18,TRUE,"903477237009154049","903479856591020032","56173323","<a href=""http://twitter.com/download/iphone"" rel=""nofollow"">Twitter for iPhone</a>","khaled1409",3,FALSE,FALSE,NA,NA
"6","@arvindcanchi @manan_doshi @khaled1409 @gag_aggarwal @manishadassi @DrLighthunter @Nair_Sanj @Errantnephron… https://t.co/dmjJXBMuaa",FALSE,4,"anupampom",2017-09-01 04:41:30,TRUE,"903477237009154049","903477894977953797","56173323","<a href=""https://mobile.twitter.com"" rel=""nofollow"">Twitter Lite</a>","anupampom",1,FALSE,FALSE,NA,NA
"7","@arvindcanchi @manan_doshi @khaled1409 @gag_aggarwal @manishadassi @DrLighthunter @Nair_Sanj @Errantnephron… https://t.co/U5xd1BzKdI",FALSE,7,"arvindcanchi",2017-09-01 04:38:53,TRUE,"903309714301239296","903477237009154049","2913871934","<a href=""https://mobile.twitter.com"" rel=""nofollow"">Twitter Lite</a>","anupampom",6,FALSE,FALSE,NA,NA
"8","@anupampom @arvindcanchi @khaled1409 @manan_doshi @gag_aggarwal @manishadassi @DrLighthunter @Nair_Sanj… https://t.co/vmmVHBOHUN",FALSE,3,"anupampom",2017-08-31 18:56:13,TRUE,"903328303343296512","903330602941898752","56173323","<a href=""http://twitter.com/download/iphone"" rel=""nofollow"">Twitter for iPhone</a>","nephondemand",0,FALSE,FALSE,NA,NA
"9","@arvindcanchi @nephondemand @khaled1409 @manan_doshi @gag_aggarwal @manishadassi @DrLighthunter @Nair_Sanj… https://t.co/NhWlwwkbLj",FALSE,4,"arvindcanchi",2017-08-31 17:49:23,TRUE,"903313027457359872","903313783690375168","2913871934","<a href=""http://twitter.com"" rel=""nofollow"">Twitter Web Client</a>","anupampom",0,FALSE,FALSE,NA,NA
"10","@anupampom @nephondemand @khaled1409 @manan_doshi @gag_aggarwal @manishadassi @DrLighthunter @Nair_Sanj… https://t.co/IUrntxNPxm",FALSE,1,"anupampom",2017-08-31 17:46:23,TRUE,"903312375410966528","903313027457359872","56173323","<a href=""http://twitter.com/#!/download/ipad"" rel=""nofollow"">Twitter for iPad</a>","arvindcanchi",0,FALSE,FALSE,NA,NA
"11","@arvindcanchi @khaled1409 @manan_doshi @gag_aggarwal @anupampom @manishadassi @DrLighthunter @Nair_Sanj… https://t.co/AaeGBrhssL",FALSE,5,"arvindcanchi",2017-08-31 17:40:48,TRUE,"903311268089434112","903311625226256386","2913871934","<a href=""https://about.twitter.com/products/tweetdeck"" rel=""nofollow"">TweetDeck</a>","nephondemand",0,FALSE,FALSE,NA,NA
"12","@khaled1409 @manan_doshi @gag_aggarwal @anupampom @manishadassi @DrLighthunter @Nair_Sanj @Errantnephron @unicipa… https://t.co/lL2O9rffml",FALSE,6,"arvindcanchi",2017-08-31 17:39:23,TRUE,"903310925884620800","903311268089434112","2913871934","<a href=""http://twitter.com/#!/download/ipad"" rel=""nofollow"">Twitter for iPad</a>","arvindcanchi",1,FALSE,FALSE,NA,NA
"13","@khaled1409 @manan_doshi @gag_aggarwal @anupampom @manishadassi @DrLighthunter @Nair_Sanj @Errantnephron @unicipa… https://t.co/tDVaoHudJc",FALSE,5,"khaled1409",2017-08-31 17:38:02,TRUE,"903310433389604865","903310925884620800","254273418","<a href=""http://twitter.com/#!/download/ipad"" rel=""nofollow"">Twitter for iPad</a>","arvindcanchi",3,FALSE,FALSE,NA,NA
"14","@arvindcanchi @khaled1409 @gag_aggarwal @anupampom @manishadassi @DrLighthunter @Nair_Sanj @Errantnephron @unicipa… https://t.co/ULcKjIgp88",FALSE,5,"arvindcanchi",2017-08-31 17:34:31,TRUE,"903309714301239296","903310043394711552","2913871934","<a href=""https://about.twitter.com/products/tweetdeck"" rel=""nofollow"">TweetDeck</a>","manan_doshi",1,FALSE,FALSE,NA,NA
"15","@arvindcanchi @manan_doshi @khaled1409 @gag_aggarwal @manishadassi @DrLighthunter @Nair_Sanj @Errantnephron… https://t.co/pvEedf5yNC",FALSE,3,"arvindcanchi",2017-08-31 17:34:30,TRUE,"903309354668929024","903310036935380992","2913871934","<a href=""http://twitter.com"" rel=""nofollow"">Twitter Web Client</a>","anupampom",0,FALSE,FALSE,NA,NA
"16","@arvindcanchi @manan_doshi @khaled1409 @gag_aggarwal @anupampom @manishadassi @DrLighthunter @Nair_Sanj @unicipa… https://t.co/RsiDPj4dNN",FALSE,5,"arvindcanchi",2017-08-31 17:34:27,TRUE,"903309714301239296","903310024608555008","2913871934","<a href=""http://twitter.com/download/iphone"" rel=""nofollow"">Twitter for iPhone</a>","Errantnephron",1,FALSE,FALSE,NA,NA
"17","@arvindcanchi @manan_doshi @khaled1409 @anupampom @manishadassi @DrLighthunter @Nair_Sanj @Errantnephron @unicipa… https://t.co/68yIl9vs3Q",FALSE,5,"arvindcanchi",2017-08-31 17:34:02,TRUE,"903309714301239296","903309920325345280","2913871934","<a href=""http://twitter.com/download/iphone"" rel=""nofollow"">Twitter for iPhone</a>","gag_aggarwal",1,FALSE,FALSE,NA,NA
"18","RT @nephondemand: #ECNeph Realtime analytics: 253 tweets | 25 participants. Pic=most mentioned. @raja_1980 @arvindcanchi @manishadassi @poy…",FALSE,0,NA,2017-08-31 17:34:01,FALSE,NA,"903309915065905153",NA,"<a href=""http://www.andrewshamlet.net"" rel=""nofollow"">Unfollow_andrewshamlet</a>","andrewshamlet",2,TRUE,FALSE,NA,NA
"19","@manishadassi @anupampom @arvindcanchi @Nair_Sanj @manan_doshi @Errantnephron @unicipa @EdoardoMelilli @wittykidney… https://t.co/y7dQxSc7B9",FALSE,3,"manishadassi",2017-08-31 17:33:36,TRUE,"903308962505793536","903309810069676032","788026796906205185","<a href=""http://twitter.com/download/android"" rel=""nofollow"">Twitter for Android</a>","DrLighthunter",0,FALSE,FALSE,NA,NA
"20","RT @nephondemand: #ECNeph Realtime analytics: 253 tweets | 25 participants. Pic=most mentioned. @raja_1980 @arvindcanchi @manishadassi @poy…",FALSE,0,NA,2017-08-31 17:33:35,FALSE,NA,"903309807129468930",NA,"<a href=""http://twitter.com/#!/download/ipad"" rel=""nofollow"">Twitter for iPad</a>","arvindcanchi",2,TRUE,FALSE,NA,NA
"21","#ECNeph https://t.co/A7ar9O2yrB",FALSE,0,NA,2017-08-31 17:33:29,FALSE,NA,"903309780462141441",NA,"<a href=""http://twitter.com/download/android"" rel=""nofollow"">Twitter for Android</a>","manishadassi",0,FALSE,FALSE,NA,NA
"22","@manan_doshi @khaled1409 @gag_aggarwal @anupampom @manishadassi @DrLighthunter @Nair_Sanj @Errantnephron @unicipa… https://t.co/Cu2XfUfRbP",FALSE,9,"arvindcanchi",2017-08-31 17:33:13,TRUE,"903309354668929024","903309714301239296","2913871934","<a href=""http://twitter.com/#!/download/ipad"" rel=""nofollow"">Twitter for iPad</a>","arvindcanchi",0,FALSE,FALSE,NA,NA
"23","#ECNeph Realtime analytics: 253 tweets | 25 participants. Pic=most mentioned. @raja_1980 @arvindcanchi… https://t.co/87v6zQxkmP",FALSE,3,NA,2017-08-31 17:32:39,TRUE,NA,"903309573095903232",NA,"<a href=""https://about.twitter.com/products/tweetdeck"" rel=""nofollow"">TweetDeck</a>","nephondemand",2,FALSE,FALSE,NA,NA
"24","@manan_doshi @khaled1409 @gag_aggarwal @anupampom @manishadassi @DrLighthunter @Nair_Sanj @Errantnephron @unicipa… https://t.co/YNc8XGL9Ci",FALSE,5,"manan_doshi",2017-08-31 17:31:47,TRUE,"903309000090935300","903309354668929024","140825819","<a href=""http://twitter.com/#!/download/ipad"" rel=""nofollow"">Twitter for iPad</a>","arvindcanchi",0,FALSE,FALSE,NA,NA
"25","@arvindcanchi @khaled1409 @gag_aggarwal @anupampom @manishadassi @DrLighthunter @Nair_Sanj @Errantnephron @unicipa… https://t.co/nF3vaP4HnP",FALSE,6,"arvindcanchi",2017-08-31 17:30:22,TRUE,"903308410539597824","903309000090935300","2913871934","<a href=""https://about.twitter.com/products/tweetdeck"" rel=""nofollow"">TweetDeck</a>","manan_doshi",1,FALSE,FALSE,NA,NA
"26","@anupampom @arvindcanchi @DrLighthunter @Nair_Sanj @manan_doshi @Errantnephron @unicipa @EdoardoMelilli… https://t.co/mkAQSAqY42",FALSE,4,"anupampom",2017-08-31 17:30:13,TRUE,"903308532006535168","903308962505793536","56173323","<a href=""http://twitter.com/download/android"" rel=""nofollow"">Twitter for Android</a>","manishadassi",0,FALSE,FALSE,NA,NA
"27","@Errantnephron @gag_aggarwal @anupampom @manishadassi @DrLighthunter @Nair_Sanj @manan_doshi @unicipa… https://t.co/rcoTK8qMcb",FALSE,1,"Errantnephron",2017-08-31 17:29:34,TRUE,"903308673971355648","903308797489291264","726509609616334849","<a href=""http://twitter.com/#!/download/ipad"" rel=""nofollow"">Twitter for iPad</a>","arvindcanchi",0,FALSE,FALSE,NA,NA
"28","@manishadassi @anupampom @DrLighthunter @Nair_Sanj @manan_doshi @Errantnephron @unicipa @EdoardoMelilli… https://t.co/SpHKxoDTwg",FALSE,1,"manishadassi",2017-08-31 17:29:09,TRUE,"903308378482515968","903308690844827648","788026796906205185","<a href=""http://twitter.com/#!/download/ipad"" rel=""nofollow"">Twitter for iPad</a>","arvindcanchi",0,FALSE,FALSE,NA,NA
"29","@arvindcanchi @manishadassi @DrLighthunter @Nair_Sanj @manan_doshi @Errantnephron @unicipa @EdoardoMelilli… https://t.co/aDg72z7Ntn",FALSE,3,"arvindcanchi",2017-08-31 17:28:31,TRUE,"903308034205597697","903308532006535168","2913871934","<a href=""http://twitter.com"" rel=""nofollow"">Twitter Web Client</a>","anupampom",0,FALSE,FALSE,NA,NA
"30","@gag_aggarwal @arvindcanchi @anupampom @manishadassi @Nair_Sanj @manan_doshi @Errantnephron @unicipa… https://t.co/CstAxHKZxc",FALSE,1,"gag_aggarwal",2017-08-31 17:28:19,TRUE,"903308088572166144","903308482199281664","3118417408","<a href=""http://twitter.com/download/android"" rel=""nofollow"">Twitter for Android</a>","DrLighthunter",0,FALSE,FALSE,NA,NA
"31","@khaled1409 @gag_aggarwal @anupampom @manishadassi @DrLighthunter @Nair_Sanj @manan_doshi @Errantnephron @unicipa… https://t.co/LS2iC5sMxi",FALSE,2,"khaled1409",2017-08-31 17:28:02,TRUE,"903308235599437824","903308410539597824","254273418","<a href=""http://twitter.com/#!/download/ipad"" rel=""nofollow"">Twitter for iPad</a>","arvindcanchi",0,FALSE,FALSE,NA,NA
"32","@anupampom @gag_aggarwal @arvindcanchi @DrLighthunter @Nair_Sanj @manan_doshi @Errantnephron @unicipa… https://t.co/U5Oxzfn5iN",FALSE,1,"anupampom",2017-08-31 17:27:12,TRUE,"903307987011330048","903308202955046912","56173323","<a href=""http://twitter.com/download/android"" rel=""nofollow"">Twitter for Android</a>","manishadassi",0,FALSE,FALSE,NA,NA
"33","@anupampom @gag_aggarwal @manishadassi @DrLighthunter @Nair_Sanj @manan_doshi @Errantnephron @unicipa… https://t.co/R88QqM5KA6",FALSE,1,"anupampom",2017-08-31 17:27:09,TRUE,"903307987011330048","903308187171831809","56173323","<a href=""http://twitter.com/#!/download/ipad"" rel=""nofollow"">Twitter for iPad</a>","arvindcanchi",0,FALSE,FALSE,NA,NA
"34","@arvindcanchi @anupampom @manishadassi @DrLighthunter @Nair_Sanj @manan_doshi @Errantnephron @unicipa… https://t.co/4gP1Kf0h1l",FALSE,4,"arvindcanchi",2017-08-31 17:26:45,TRUE,"903307336378232832","903308088572166144","2913871934","<a href=""http://twitter.com/download/iphone"" rel=""nofollow"">Twitter for iPhone</a>","gag_aggarwal",1,FALSE,FALSE,NA,NA
"35","@manishadassi @anupampom @DrLighthunter @Nair_Sanj @manan_doshi @Errantnephron @unicipa @EdoardoMelilli… https://t.co/Dp7XqN1OCn",FALSE,3,"manishadassi",2017-08-31 17:26:32,TRUE,"903307465705504768","903308034205597697","788026796906205185","<a href=""http://twitter.com/#!/download/ipad"" rel=""nofollow"">Twitter for iPad</a>","arvindcanchi",0,FALSE,FALSE,NA,NA
"36","@gag_aggarwal @arvindcanchi @manishadassi @DrLighthunter @Nair_Sanj @manan_doshi @Errantnephron @unicipa… https://t.co/UvFy1QPoZO",FALSE,5,"gag_aggarwal",2017-08-31 17:26:21,TRUE,"903307155469549568","903307987011330048","3118417408","<a href=""http://twitter.com"" rel=""nofollow"">Twitter Web Client</a>","anupampom",1,FALSE,FALSE,NA,NA
"37","@manan_doshi @arvindcanchi @anupampom @manishadassi @Nair_Sanj @Errantnephron @unicipa @EdoardoMelilli @wittykidney… https://t.co/Lwo742xtON",FALSE,1,"manan_doshi",2017-08-31 17:25:41,TRUE,"903307531224702976","903307818001866752","140825819","<a href=""http://twitter.com/download/android"" rel=""nofollow"">Twitter for Android</a>","DrLighthunter",0,FALSE,FALSE,NA,NA
"38","@manan_doshi @anupampom @manishadassi @DrLighthunter @Nair_Sanj @Errantnephron @unicipa @EdoardoMelilli… https://t.co/fc7Yn5LWbi",FALSE,1,"manan_doshi",2017-08-31 17:25:15,TRUE,"903307531224702976","903307710879285248","140825819","<a href=""http://twitter.com/#!/download/ipad"" rel=""nofollow"">Twitter for iPad</a>","arvindcanchi",0,FALSE,FALSE,NA,NA
"39","@gag_aggarwal @anupampom @manishadassi @DrLighthunter @Nair_Sanj @manan_doshi @Errantnephron @unicipa… https://t.co/t6hpqGl1gX",FALSE,1,"arvindcanchi",2017-08-31 17:24:55,TRUE,"903307515676336128","903307627899142145","2913871934","<a href=""http://twitter.com/#!/download/ipad"" rel=""nofollow"">Twitter for iPad</a>","arvindcanchi",0,FALSE,FALSE,NA,NA
"40","@manishadassi @gag_aggarwal @arvindcanchi @anupampom @Nair_Sanj @manan_doshi @Errantnephron @unicipa… https://t.co/fuFmTqB9sV",FALSE,2,"manishadassi",2017-08-31 17:24:41,TRUE,"903307300156317696","903307567996088320","788026796906205185","<a href=""http://twitter.com/download/android"" rel=""nofollow"">Twitter for Android</a>","DrLighthunter",0,FALSE,FALSE,NA,NA
"41","@arvindcanchi @anupampom @manishadassi @DrLighthunter @Nair_Sanj @Errantnephron @unicipa @EdoardoMelilli… https://t.co/P7pqZo4xfA",FALSE,3,"arvindcanchi",2017-08-31 17:24:32,TRUE,"903306754884198400","903307531224702976","2913871934","<a href=""https://about.twitter.com/products/tweetdeck"" rel=""nofollow"">TweetDeck</a>","manan_doshi",0,FALSE,FALSE,NA,NA
"42","@gag_aggarwal @anupampom @manishadassi @DrLighthunter @Nair_Sanj @manan_doshi @Errantnephron @unicipa… https://t.co/naFrBmKnxR",FALSE,3,"gag_aggarwal",2017-08-31 17:24:29,TRUE,"903307155469549568","903307515676336128","3118417408","<a href=""http://twitter.com/#!/download/ipad"" rel=""nofollow"">Twitter for iPad</a>","arvindcanchi",0,FALSE,FALSE,NA,NA
"43","@anupampom @manishadassi @DrLighthunter @Nair_Sanj @manan_doshi @Errantnephron @unicipa @EdoardoMelilli… https://t.co/uzKMkpM5mN",FALSE,1,"arvindcanchi",2017-08-31 17:23:46,TRUE,"903306754884198400","903307336378232832","2913871934","<a href=""http://twitter.com/#!/download/ipad"" rel=""nofollow"">Twitter for iPad</a>","arvindcanchi",0,FALSE,FALSE,NA,NA
"44","@gag_aggarwal @arvindcanchi @anupampom @DrLighthunter @Nair_Sanj @manan_doshi @Errantnephron @unicipa… https://t.co/KBRpMrUXrl",FALSE,1,"gag_aggarwal",2017-08-31 17:23:37,TRUE,"903307155469549568","903307300156317696","3118417408","<a href=""http://twitter.com/download/android"" rel=""nofollow"">Twitter for Android</a>","manishadassi",0,FALSE,FALSE,NA,NA
"45","@arvindcanchi @anupampom @manishadassi @Nair_Sanj @manan_doshi @Errantnephron @unicipa @EdoardoMelilli @wittykidney… https://t.co/1IFf2nuQHq",FALSE,0,"arvindcanchi",2017-08-31 17:23:32,TRUE,"903306754884198400","903307278949814272","2913871934","<a href=""http://twitter.com/download/android"" rel=""nofollow"">Twitter for Android</a>","DrLighthunter",0,FALSE,FALSE,NA,NA
"46","@arvindcanchi @anupampom @manishadassi @DrLighthunter @Nair_Sanj @manan_doshi @Errantnephron @unicipa… https://t.co/AxX6hdtY4l",FALSE,2,"arvindcanchi",2017-08-31 17:23:03,TRUE,"903306754884198400","903307155469549568","2913871934","<a href=""http://twitter.com/download/iphone"" rel=""nofollow"">Twitter for iPhone</a>","gag_aggarwal",0,FALSE,FALSE,NA,NA
"47","@anupampom @arvindcanchi @manishadassi @DrLighthunter @Nair_Sanj @manan_doshi @Errantnephron @unicipa… https://t.co/QFgeLZhG6M",FALSE,3,"anupampom",2017-08-31 17:21:41,TRUE,"903306473156919296","903306811226316800","56173323","<a href=""http://twitter.com/download/iphone"" rel=""nofollow"">Twitter for iPhone</a>","gag_aggarwal",0,FALSE,FALSE,NA,NA
"48","@anupampom @arvindcanchi @DrLighthunter @Nair_Sanj @manan_doshi @manishadassi @unicipa @EdoardoMelilli @wittykidney… https://t.co/01RAdPHYSZ",FALSE,4,"anupampom",2017-08-31 17:21:31,TRUE,"903305240241356800","903306769937596417","56173323","<a href=""http://twitter.com/download/iphone"" rel=""nofollow"">Twitter for iPhone</a>","Errantnephron",4,FALSE,FALSE,NA,NA
"49","@anupampom @manishadassi @DrLighthunter @Nair_Sanj @manan_doshi @Errantnephron @unicipa @EdoardoMelilli… https://t.co/BdeTOWEeEC",FALSE,2,"anupampom",2017-08-31 17:21:27,TRUE,"903306473156919296","903306754884198400","56173323","<a href=""http://twitter.com/#!/download/ipad"" rel=""nofollow"">Twitter for iPad</a>","arvindcanchi",0,FALSE,FALSE,NA,NA
"50","@arvindcanchi @manishadassi @DrLighthunter @Nair_Sanj @manan_doshi @Errantnephron @unicipa @EdoardoMelilli… https://t.co/SewAh6R7TM",FALSE,4,"arvindcanchi",2017-08-31 17:20:20,TRUE,"903306313442066432","903306473156919296","2913871934","<a href=""http://twitter.com"" rel=""nofollow"">Twitter Web Client</a>","anupampom",3,FALSE,FALSE,NA,NA
"51","@manishadassi @anupampom @DrLighthunter @Nair_Sanj @manan_doshi @Errantnephron @unicipa @EdoardoMelilli… https://t.co/y8iFcuGTuL",FALSE,3,"manishadassi",2017-08-31 17:19:42,TRUE,"903306032549568512","903306313442066432","788026796906205185","<a href=""http://twitter.com/#!/download/ipad"" rel=""nofollow"">Twitter for iPad</a>","arvindcanchi",0,FALSE,FALSE,NA,NA
"52","@arvindcanchi @anupampom @DrLighthunter @Nair_Sanj @manan_doshi @Errantnephron @unicipa @EdoardoMelilli… https://t.co/DKVLD7eE4A",FALSE,0,"arvindcanchi",2017-08-31 17:18:35,TRUE,"903305884058583045","903306032549568512","2913871934","<a href=""http://twitter.com/download/android"" rel=""nofollow"">Twitter for Android</a>","manishadassi",0,FALSE,FALSE,NA,NA
"53","@chetanmudrabett @Nair_Sanj @manan_doshi @manishadassi @Errantnephron @DrLighthunter @unicipa @EdoardoMelilli… https://t.co/q5BqV9pdzs",FALSE,1,"chetanmudrabett",2017-08-31 17:18:27,TRUE,"903305636120715264","903305997220904960","308563137","<a href=""http://twitter.com/#!/download/ipad"" rel=""nofollow"">Twitter for iPad</a>","arvindcanchi",0,FALSE,FALSE,NA,NA
"54","@anupampom @DrLighthunter @Nair_Sanj @manan_doshi @manishadassi @Errantnephron @unicipa @EdoardoMelilli… https://t.co/7S5ChJopZP",FALSE,5,"anupampom",2017-08-31 17:18:00,TRUE,"903305240241356800","903305884058583045","56173323","<a href=""http://twitter.com/#!/download/ipad"" rel=""nofollow"">Twitter for iPad</a>","arvindcanchi",1,FALSE,FALSE,NA,NA
"55","@arvindcanchi @Nair_Sanj @manan_doshi @manishadassi @Errantnephron @unicipa @EdoardoMelilli @wittykidney @poyanmehr… https://t.co/0HJ3yJvApi",FALSE,2,"arvindcanchi",2017-08-31 17:17:39,TRUE,"903305078160875520","903305797597151233","2913871934","<a href=""http://twitter.com/download/android"" rel=""nofollow"">Twitter for Android</a>","DrLighthunter",0,FALSE,FALSE,NA,NA
"56","@unicipa @gag_aggarwal @DrLighthunter @anupampom @Errantnephron @manishadassi @EdoardoMelilli @wittykidney… https://t.co/yvARUwNg2L",FALSE,2,"unicipa",2017-08-31 17:17:09,TRUE,"903305408114290692","903305671797465088","1087413552","<a href=""http://twitter.com/download/iphone"" rel=""nofollow"">Twitter for iPhone</a>","arvindcanchi",0,FALSE,FALSE,NA,NA
"57","RT @arvindcanchi: #ECNeph https://t.co/42OKGiEozV",FALSE,0,NA,2017-08-31 17:15:48,FALSE,NA,"903305333841563652",NA,"<a href=""http://twitter.com/download/iphone"" rel=""nofollow"">Twitter for iPhone</a>","iakdag16",1,TRUE,FALSE,NA,NA
"58","@khaled1409 @manan_doshi @manishadassi @Errantnephron @DrLighthunter @unicipa @EdoardoMelilli @wittykidney… https://t.co/saPiM6PTHm",FALSE,3,"khaled1409",2017-08-31 17:15:37,TRUE,"903305179709235200","903305286101811200","254273418","<a href=""http://twitter.com/#!/download/ipad"" rel=""nofollow"">Twitter for iPad</a>","arvindcanchi",0,FALSE,FALSE,NA,NA
"59","@DrLighthunter @Nair_Sanj @manan_doshi @manishadassi @Errantnephron @unicipa @EdoardoMelilli @wittykidney… https://t.co/j8D2M4c1Q4",FALSE,1,"DrLighthunter",2017-08-31 17:14:47,TRUE,"903304589268549632","903305078160875520","290644718","<a href=""http://twitter.com/#!/download/ipad"" rel=""nofollow"">Twitter for iPad</a>","arvindcanchi",0,FALSE,FALSE,NA,NA
"60","@arvindcanchi @manishadassi @Nair_Sanj @manan_doshi @Errantnephron @unicipa @EdoardoMelilli @wittykidney @poyanmehr… https://t.co/V8bcnjOXIy",FALSE,2,"arvindcanchi",2017-08-31 17:14:39,TRUE,"903304591420252160","903305041108287488","2913871934","<a href=""http://twitter.com/download/android"" rel=""nofollow"">Twitter for Android</a>","DrLighthunter",0,FALSE,FALSE,NA,NA
"61","@DrLighthunter @Nair_Sanj @manan_doshi @manishadassi @Errantnephron @unicipa @EdoardoMelilli @wittykidney… https://t.co/BEVigPZwrk",FALSE,5,"DrLighthunter",2017-08-31 17:13:17,TRUE,"903304589268549632","903304697087385600","290644718","<a href=""http://twitter.com/#!/download/ipad"" rel=""nofollow"">Twitter for iPad</a>","arvindcanchi",0,FALSE,FALSE,NA,NA
"62","@manishadassi @Nair_Sanj @manan_doshi @Errantnephron @DrLighthunter @unicipa @EdoardoMelilli @wittykidney… https://t.co/wCVB2LEHBU",FALSE,2,"manishadassi",2017-08-31 17:12:51,TRUE,"903304376843829248","903304591420252160","788026796906205185","<a href=""http://twitter.com/#!/download/ipad"" rel=""nofollow"">Twitter for iPad</a>","arvindcanchi",0,FALSE,FALSE,NA,NA
"63","@arvindcanchi @Nair_Sanj @manan_doshi @manishadassi @Errantnephron @unicipa @EdoardoMelilli @wittykidney @poyanmehr… https://t.co/6PrsZ1roo9",FALSE,4,"arvindcanchi",2017-08-31 17:12:51,TRUE,"903304054721282048","903304589268549632","2913871934","<a href=""http://twitter.com/download/android"" rel=""nofollow"">Twitter for Android</a>","DrLighthunter",0,FALSE,FALSE,NA,NA
"64","@arvindcanchi @Nair_Sanj @manan_doshi @manishadassi @Errantnephron @DrLighthunter @unicipa @EdoardoMelilli… https://t.co/STbmHk264n",FALSE,0,"arvindcanchi",2017-08-31 17:12:40,TRUE,"903304054721282048","903304542816632833","2913871934","<a href=""http://twitter.com"" rel=""nofollow"">Twitter Web Client</a>","anupampom",0,FALSE,FALSE,NA,NA
"65","@arvindcanchi @Nair_Sanj @manan_doshi @manishadassi @Errantnephron @DrLighthunter @unicipa @EdoardoMelilli… https://t.co/jarBdEOtNX",FALSE,3,"arvindcanchi",2017-08-31 17:12:04,TRUE,"903304054721282048","903304391469305856","2913871934","<a href=""http://twitter.com/download/iphone"" rel=""nofollow"">Twitter for iPhone</a>","gag_aggarwal",0,FALSE,FALSE,NA,NA
"66","@Nair_Sanj @manan_doshi @manishadassi @Errantnephron @DrLighthunter @unicipa @EdoardoMelilli @wittykidney… https://t.co/fSaU6295ji",FALSE,1,"arvindcanchi",2017-08-31 17:11:27,TRUE,"903304054721282048","903304239413313536","2913871934","<a href=""http://twitter.com/#!/download/ipad"" rel=""nofollow"">Twitter for iPad</a>","arvindcanchi",0,FALSE,FALSE,NA,NA
"67","@arvindcanchi @unicipa @anupampom @Errantnephron @manishadassi @EdoardoMelilli @wittykidney @poyanmehr @raja_1980… https://t.co/qzpgbrYXzf",FALSE,2,"arvindcanchi",2017-08-31 17:10:47,TRUE,"903303729423704065","903304068147200000","2913871934","<a href=""http://twitter.com/download/android"" rel=""nofollow"">Twitter for Android</a>","DrLighthunter",0,FALSE,FALSE,NA,NA
"68","@Nair_Sanj @manan_doshi @manishadassi @Errantnephron @DrLighthunter @unicipa @EdoardoMelilli @wittykidney… https://t.co/UKc74zpcvN",FALSE,5,"Nair_Sanj",2017-08-31 17:10:43,TRUE,"903303759383560192","903304054721282048","100777791","<a href=""http://twitter.com/#!/download/ipad"" rel=""nofollow"">Twitter for iPad</a>","arvindcanchi",0,FALSE,FALSE,NA,NA
"69","@arvindcanchi @manan_doshi @manishadassi @Errantnephron @DrLighthunter @unicipa @EdoardoMelilli @wittykidney… https://t.co/xLzgUMT1co",FALSE,4,"arvindcanchi",2017-08-31 17:09:33,TRUE,"903303217961775104","903303759383560192","2913871934","<a href=""http://twitter.com/download/android"" rel=""nofollow"">Twitter for Android</a>","Nair_Sanj",0,FALSE,FALSE,NA,NA
"70","@unicipa @DrLighthunter @anupampom @Errantnephron @manishadassi @EdoardoMelilli @wittykidney @poyanmehr @raja_1980… https://t.co/lkPuhTsCwf",FALSE,2,"arvindcanchi",2017-08-31 17:09:26,TRUE,"903303424946593792","903303729423704065","2913871934","<a href=""http://twitter.com/#!/download/ipad"" rel=""nofollow"">Twitter for iPad</a>","arvindcanchi",0,FALSE,FALSE,NA,NA
"71","@manishadassi @arvindcanchi @Errantnephron @unicipa @EdoardoMelilli @wittykidney @poyanmehr @raja_1980… https://t.co/4X8qFBhQjQ",FALSE,4,"manishadassi",2017-08-31 17:09:14,TRUE,"903302963501731840","903303679331057664","788026796906205185","<a href=""http://twitter.com/download/android"" rel=""nofollow"">Twitter for Android</a>","DrLighthunter",0,FALSE,FALSE,NA,NA
"72","@unicipa @DrLighthunter @anupampom @Errantnephron @arvindcanchi @manishadassi @EdoardoMelilli @wittykidney… https://t.co/09BKM8VMNY",FALSE,2,"unicipa",2017-08-31 17:08:49,TRUE,"903303302913421312","903303576142745600","1087413552","<a href=""http://twitter.com/download/iphone"" rel=""nofollow"">Twitter for iPhone</a>","gag_aggarwal",0,FALSE,FALSE,NA,NA
"73","@unicipa @DrLighthunter @anupampom @Errantnephron @manishadassi @EdoardoMelilli @wittykidney @poyanmehr @raja_1980… https://t.co/W13DlIw5To",FALSE,3,"unicipa",2017-08-31 17:08:13,TRUE,"903303302913421312","903303424946593792","1087413552","<a href=""http://twitter.com/#!/download/ipad"" rel=""nofollow"">Twitter for iPad</a>","arvindcanchi",0,FALSE,FALSE,NA,NA
"74","@gag_aggarwal @arvindcanchi @unicipa @EdoardoMelilli @manishadassi @wittykidney @poyanmehr @raja_1980 @ISNeducation… https://t.co/4cFfIM8HIk",FALSE,0,"gag_aggarwal",2017-08-31 17:08:01,TRUE,"903303128962932736","903303372400279552","3118417408","<a href=""http://twitter.com/download/android"" rel=""nofollow"">Twitter for Android</a>","DrLighthunter",0,FALSE,FALSE,NA,NA
"75","@manan_doshi @manishadassi @Errantnephron @DrLighthunter @unicipa @EdoardoMelilli @wittykidney @poyanmehr… https://t.co/Fon5JAg9rr",FALSE,3,"manan_doshi",2017-08-31 17:07:24,TRUE,"903303072708870148","903303217961775104","140825819","<a href=""http://twitter.com/#!/download/ipad"" rel=""nofollow"">Twitter for iPad</a>","arvindcanchi",0,FALSE,FALSE,NA,NA
"76","@DrLighthunter @arvindcanchi @unicipa @EdoardoMelilli @manishadassi @wittykidney @poyanmehr @raja_1980… https://t.co/OqSQwwLZe4",FALSE,7,"DrLighthunter",2017-08-31 17:07:03,TRUE,"903301835724697600","903303128962932736","290644718","<a href=""http://twitter.com/download/iphone"" rel=""nofollow"">Twitter for iPhone</a>","gag_aggarwal",3,FALSE,FALSE,NA,NA
"77","@manishadassi @Errantnephron @DrLighthunter @unicipa @EdoardoMelilli @wittykidney @poyanmehr @raja_1980… https://t.co/H9stWhQImJ",FALSE,1,"manishadassi",2017-08-31 17:07:00,TRUE,"903302963501731840","903303117365579776","788026796906205185","<a href=""http://twitter.com/#!/download/ipad"" rel=""nofollow"">Twitter for iPad</a>","arvindcanchi",0,FALSE,FALSE,NA,NA
"78","@arvindcanchi @manishadassi @Errantnephron @DrLighthunter @unicipa @EdoardoMelilli @wittykidney @poyanmehr… https://t.co/a4u15lOzLx",FALSE,3,"arvindcanchi",2017-08-31 17:06:49,TRUE,"903302831192416257","903303072708870148","2913871934","<a href=""https://about.twitter.com/products/tweetdeck"" rel=""nofollow"">TweetDeck</a>","manan_doshi",0,FALSE,FALSE,NA,NA
"79","@arvindcanchi @Errantnephron @DrLighthunter @unicipa @EdoardoMelilli @wittykidney @poyanmehr @raja_1980… https://t.co/VOggZWXLdX",FALSE,1,"arvindcanchi",2017-08-31 17:06:46,TRUE,"903302831192416257","903303059685556224","2913871934","<a href=""http://twitter.com/download/android"" rel=""nofollow"">Twitter for Android</a>","manishadassi",0,FALSE,FALSE,NA,NA
"80","@arvindcanchi @Errantnephron @DrLighthunter @unicipa @EdoardoMelilli @wittykidney @poyanmehr @raja_1980… https://t.co/DvFvXn72Sc",FALSE,2,"manishadassi",2017-08-31 17:06:23,TRUE,"903302679702626304","903302963501731840","788026796906205185","<a href=""http://twitter.com/download/android"" rel=""nofollow"">Twitter for Android</a>","manishadassi",0,FALSE,FALSE,NA,NA
"81","@manishadassi @Errantnephron @DrLighthunter @unicipa @EdoardoMelilli @wittykidney @poyanmehr @raja_1980… https://t.co/7Yz5nZ2m2y",FALSE,2,"manishadassi",2017-08-31 17:05:52,TRUE,"903302679702626304","903302831192416257","788026796906205185","<a href=""http://twitter.com/#!/download/ipad"" rel=""nofollow"">Twitter for iPad</a>","arvindcanchi",0,FALSE,FALSE,NA,NA
"82","@arvindcanchi @Errantnephron @DrLighthunter @unicipa @EdoardoMelilli @wittykidney @poyanmehr @raja_1980… https://t.co/5EYGk23rfW",FALSE,2,"arvindcanchi",2017-08-31 17:05:16,TRUE,"903302418598731776","903302679702626304","2913871934","<a href=""http://twitter.com/download/android"" rel=""nofollow"">Twitter for Android</a>","manishadassi",0,FALSE,FALSE,NA,NA
"83","@anupampom @Errantnephron @manishadassi @DrLighthunter @unicipa @EdoardoMelilli @wittykidney @poyanmehr @raja_1980… https://t.co/YlEsahSK1H",FALSE,3,"anupampom",2017-08-31 17:04:38,TRUE,"903302266932805632","903302520662925312","56173323","<a href=""http://twitter.com/#!/download/ipad"" rel=""nofollow"">Twitter for iPad</a>","arvindcanchi",0,FALSE,FALSE,NA,NA
"84","@Errantnephron @arvindcanchi @manishadassi @DrLighthunter @EdoardoMelilli @wittykidney @poyanmehr @raja_1980… https://t.co/EuOpqozE8a",FALSE,7,"Errantnephron",2017-08-31 17:04:35,TRUE,"903301627930607616","903302509539844096","726509609616334849","<a href=""http://twitter.com"" rel=""nofollow"">Twitter Web Client</a>","unicipa",2,FALSE,FALSE,NA,NA
"85","@Errantnephron @manishadassi @DrLighthunter @unicipa @EdoardoMelilli @wittykidney @poyanmehr @raja_1980… https://t.co/Dwz4SRU8t3",FALSE,2,"Errantnephron",2017-08-31 17:04:13,TRUE,"903301627930607616","903302418598731776","726509609616334849","<a href=""http://twitter.com/#!/download/ipad"" rel=""nofollow"">Twitter for iPad</a>","arvindcanchi",0,FALSE,FALSE,NA,NA
"86","@khaled1409 @DrLighthunter @unicipa @EdoardoMelilli @manishadassi @wittykidney @poyanmehr @raja_1980 @ISNeducation… https://t.co/0F9sGFSFdd",FALSE,0,"khaled1409",2017-08-31 17:02:48,TRUE,"903301992306663425","903302060858195969","254273418","<a href=""http://twitter.com/#!/download/ipad"" rel=""nofollow"">Twitter for iPad</a>","arvindcanchi",0,FALSE,FALSE,NA,NA
"87","@Errantnephron @arvindcanchi @DrLighthunter @unicipa @EdoardoMelilli @wittykidney @poyanmehr @raja_1980… https://t.co/NrgW6ZZvEr",FALSE,5,"Errantnephron",2017-08-31 17:02:47,TRUE,"903301627930607616","903302058383519744","726509609616334849","<a href=""http://twitter.com/download/android"" rel=""nofollow"">Twitter for Android</a>","manishadassi",2,FALSE,FALSE,NA,NA
"88","@DrLighthunter @unicipa @EdoardoMelilli @manishadassi @wittykidney @poyanmehr @raja_1980 @ISNeducation @hswapnil… https://t.co/Pb498IhHMe",FALSE,1,"DrLighthunter",2017-08-31 17:02:31,TRUE,"903301835724697600","903301990385500160","290644718","<a href=""http://twitter.com/#!/download/ipad"" rel=""nofollow"">Twitter for iPad</a>","arvindcanchi",0,FALSE,FALSE,NA,NA
"89","RT @nephondemand: The #ECNeph professor doing it well...@arvindcanchi connecting with nearly 100% of participants today! That is impressive…",FALSE,0,NA,2017-08-31 17:02:17,FALSE,NA,"903301932155940864",NA,"<a href=""http://twitter.com/#!/download/ipad"" rel=""nofollow"">Twitter for iPad</a>","arvindcanchi",1,TRUE,FALSE,NA,NA
"90","@Errantnephron @manishadassi @DrLighthunter @unicipa @EdoardoMelilli @wittykidney @poyanmehr @raja_1980… https://t.co/hoLsNi7wZc",FALSE,6,"Errantnephron",2017-08-31 17:01:58,TRUE,"903301627930607616","903301852946546688","726509609616334849","<a href=""http://twitter.com/#!/download/ipad"" rel=""nofollow"">Twitter for iPad</a>","arvindcanchi",0,FALSE,FALSE,NA,NA
"91","@arvindcanchi @unicipa @EdoardoMelilli @manishadassi @wittykidney @poyanmehr @raja_1980 @ISNeducation @hswapnil… https://t.co/cAPazXeVqb",FALSE,5,"arvindcanchi",2017-08-31 17:01:54,TRUE,"903301444396130304","903301835724697600","2913871934","<a href=""http://twitter.com/download/android"" rel=""nofollow"">Twitter for Android</a>","DrLighthunter",0,FALSE,FALSE,NA,NA
"92","The #ECNeph professor doing it well...@arvindcanchi connecting with nearly 100% of participants today! That is impr… https://t.co/1FFriYAdg3",FALSE,4,NA,2017-08-31 17:01:45,TRUE,NA,"903301795140788225",NA,"<a href=""https://about.twitter.com/products/tweetdeck"" rel=""nofollow"">TweetDeck</a>","nephondemand",1,FALSE,FALSE,NA,NA
"93","@unicipa @EdoardoMelilli @manishadassi @wittykidney @poyanmehr @raja_1980 @ISNeducation @hswapnil @MayuriTrivedi80… https://t.co/AAtJJS3nVe",FALSE,2,"arvindcanchi",2017-08-31 17:01:18,TRUE,"903273635288309760","903301683278626816","2913871934","<a href=""http://twitter.com/#!/download/ipad"" rel=""nofollow"">Twitter for iPad</a>","arvindcanchi",0,FALSE,FALSE,NA,NA
"94","@arvindcanchi @manishadassi @DrLighthunter @unicipa @EdoardoMelilli @wittykidney @poyanmehr @raja_1980… https://t.co/yZhk7aEqwO",FALSE,7,"arvindcanchi",2017-08-31 17:01:05,TRUE,"903301166859030528","903301627930607616","2913871934","<a href=""http://twitter.com/download/iphone"" rel=""nofollow"">Twitter for iPhone</a>","Errantnephron",2,FALSE,FALSE,NA,NA
"95","@manishadassi @DrLighthunter @arvindcanchi @unicipa @EdoardoMelilli @wittykidney @poyanmehr @raja_1980… https://t.co/1fQ0YExNFv",FALSE,2,"manan_doshi",2017-08-31 17:00:24,TRUE,"903301179341287424","903301457738293248","140825819","<a href=""https://about.twitter.com/products/tweetdeck"" rel=""nofollow"">TweetDeck</a>","manan_doshi",0,FALSE,FALSE,NA,NA
"96","@DrLighthunter @unicipa @EdoardoMelilli @manishadassi @wittykidney @poyanmehr @raja_1980 @ISNeducation @hswapnil… https://t.co/3DRGLT9MhC",FALSE,0,"DrLighthunter",2017-08-31 17:00:21,TRUE,"903301301525561344","903301444396130304","290644718","<a href=""http://twitter.com/#!/download/ipad"" rel=""nofollow"">Twitter for iPad</a>","arvindcanchi",0,FALSE,FALSE,NA,NA
"97","@arvindcanchi @unicipa @EdoardoMelilli @manishadassi @wittykidney @poyanmehr @raja_1980 @ISNeducation @hswapnil… https://t.co/DTsVFOWeDr",FALSE,3,"arvindcanchi",2017-08-31 16:59:47,TRUE,"903300508156289024","903301301525561344","2913871934","<a href=""http://twitter.com/download/android"" rel=""nofollow"">Twitter for Android</a>","DrLighthunter",0,FALSE,FALSE,NA,NA
"98","@manishadassi @DrLighthunter @arvindcanchi @unicipa @EdoardoMelilli @wittykidney @poyanmehr @raja_1980… https://t.co/NLZvzap4l9",FALSE,4,"manishadassi",2017-08-31 16:59:18,TRUE,"903300968409735168","903301179341287424","788026796906205185","<a href=""https://about.twitter.com/products/tweetdeck"" rel=""nofollow"">TweetDeck</a>","manan_doshi",0,FALSE,FALSE,NA,NA
"99","@manishadassi @DrLighthunter @unicipa @EdoardoMelilli @wittykidney @poyanmehr @raja_1980 @ISNeducation @hswapnil… https://t.co/KazrU6pszp",FALSE,3,"manishadassi",2017-08-31 16:59:15,TRUE,"903300968409735168","903301166859030528","788026796906205185","<a href=""http://twitter.com/#!/download/ipad"" rel=""nofollow"">Twitter for iPad</a>","arvindcanchi",0,FALSE,FALSE,NA,NA
"100","@DrLighthunter @arvindcanchi @unicipa @EdoardoMelilli @wittykidney @poyanmehr @raja_1980 @ISNeducation @hswapnil… https://t.co/WSjcIQx15F",FALSE,5,"DrLighthunter",2017-08-31 16:58:28,TRUE,"903300735302959104","903300968409735168","290644718","<a href=""http://twitter.com/download/android"" rel=""nofollow"">Twitter for Android</a>","manishadassi",3,FALSE,FALSE,NA,NA
"101","@DrLighthunter @unicipa @EdoardoMelilli @manishadassi @wittykidney @poyanmehr @raja_1980 @ISNeducation @hswapnil… https://t.co/xpjfIfOWCx",FALSE,2,"DrLighthunter",2017-08-31 16:58:27,TRUE,"903300735302959104","903300966769844224","290644718","<a href=""http://twitter.com/#!/download/ipad"" rel=""nofollow"">Twitter for iPad</a>","arvindcanchi",0,FALSE,FALSE,NA,NA
"102","@manan_doshi @unicipa @EdoardoMelilli @manishadassi @wittykidney @poyanmehr @raja_1980 @ISNeducation @hswapnil… https://t.co/Vw62M2AFGp",FALSE,2,"manan_doshi",2017-08-31 16:57:57,TRUE,"903300418842705921","903300842207420416","140825819","<a href=""http://twitter.com/#!/download/ipad"" rel=""nofollow"">Twitter for iPad</a>","arvindcanchi",0,FALSE,FALSE,NA,NA
"103","@arvindcanchi @unicipa @EdoardoMelilli @manishadassi @wittykidney @poyanmehr @raja_1980 @ISNeducation @hswapnil… https://t.co/6SeVEy6Tuz",FALSE,4,"arvindcanchi",2017-08-31 16:57:32,TRUE,"903300143448858625","903300735302959104","2913871934","<a href=""http://twitter.com/download/android"" rel=""nofollow"">Twitter for Android</a>","DrLighthunter",0,FALSE,FALSE,NA,NA
"104","@anupampom @wittykidney @unicipa @EdoardoMelilli @manishadassi @poyanmehr @raja_1980 @ISNeducation @hswapnil… https://t.co/2SrOuBzmpZ",FALSE,2,"anupampom",2017-08-31 16:57:15,TRUE,"903300062431780864","903300663123181568","56173323","<a href=""http://twitter.com/#!/download/ipad"" rel=""nofollow"">Twitter for iPad</a>","arvindcanchi",0,FALSE,FALSE,NA,NA
"105","@unicipa @EdoardoMelilli @manishadassi @wittykidney @poyanmehr @raja_1980 @ISNeducation @hswapnil @MayuriTrivedi80… https://t.co/Y7zk6FXzyy",FALSE,1,"arvindcanchi",2017-08-31 16:56:38,TRUE,"903300143448858625","903300508156289024","2913871934","<a href=""http://twitter.com/#!/download/ipad"" rel=""nofollow"">Twitter for iPad</a>","arvindcanchi",0,FALSE,FALSE,NA,NA
"106","@arvindcanchi @unicipa @EdoardoMelilli @manishadassi @wittykidney @poyanmehr @raja_1980 @ISNeducation @hswapnil… https://t.co/SkeukX1m61",FALSE,3,"arvindcanchi",2017-08-31 16:56:17,TRUE,"903300143448858625","903300418842705921","2913871934","<a href=""https://about.twitter.com/products/tweetdeck"" rel=""nofollow"">TweetDeck</a>","manan_doshi",0,FALSE,FALSE,NA,NA
"107","@unicipa @EdoardoMelilli @manishadassi @wittykidney @poyanmehr @raja_1980 @ISNeducation @hswapnil @MayuriTrivedi80… https://t.co/7udiuvWTyX",FALSE,3,"arvindcanchi",2017-08-31 16:55:11,TRUE,"903273635288309760","903300143448858625","2913871934","<a href=""http://twitter.com/#!/download/ipad"" rel=""nofollow"">Twitter for iPad</a>","arvindcanchi",1,FALSE,FALSE,NA,NA
"108","@arvindcanchi @anupampom @wittykidney @unicipa @EdoardoMelilli @manishadassi @poyanmehr @raja_1980 @ISNeducation… https://t.co/F2WhjsCV23",FALSE,2,"arvindcanchi",2017-08-31 16:55:10,TRUE,"903299572180500480","903300138801565696","2913871934","<a href=""http://twitter.com/download/android"" rel=""nofollow"">Twitter for Android</a>","DrLighthunter",0,FALSE,FALSE,NA,NA
"109","@unicipa @DrLighthunter @EdoardoMelilli @manishadassi @wittykidney @poyanmehr @raja_1980 @ISNeducation @hswapnil… https://t.co/8hcUI46xKg",FALSE,3,"unicipa",2017-08-31 16:54:25,TRUE,"903299745975816192","903299951387582464","1087413552","<a href=""http://twitter.com/#!/download/ipad"" rel=""nofollow"">Twitter for iPad</a>","arvindcanchi",0,FALSE,FALSE,NA,NA
"110","@arvindcanchi @khaled1409 @unicipa @EdoardoMelilli @wittykidney @poyanmehr @raja_1980 @ISNeducation @hswapnil… https://t.co/MDMXiEC0ey",FALSE,1,"arvindcanchi",2017-08-31 16:53:40,TRUE,"903299435274190849","903299762413125632","2913871934","<a href=""http://twitter.com/download/android"" rel=""nofollow"">Twitter for Android</a>","manishadassi",0,FALSE,FALSE,NA,NA
"111","@DrLighthunter @arvindcanchi @EdoardoMelilli @manishadassi @wittykidney @poyanmehr @raja_1980 @ISNeducation… https://t.co/Oau0QCmltl",FALSE,1,"DrLighthunter",2017-08-31 16:53:36,TRUE,"903299197545332736","903299745975816192","290644718","<a href=""http://twitter.com"" rel=""nofollow"">Twitter Web Client</a>","unicipa",1,FALSE,FALSE,NA,NA
"112","#ECNeph https://t.co/42OKGiEozV",FALSE,1,NA,2017-08-31 16:53:32,FALSE,NA,"903299726820249600",NA,"<a href=""http://twitter.com/#!/download/ipad"" rel=""nofollow"">Twitter for iPad</a>","arvindcanchi",1,FALSE,FALSE,NA,NA
"113","@arvindcanchi @khaled1409 @unicipa @EdoardoMelilli @wittykidney @poyanmehr @raja_1980 @ISNeducation @hswapnil… https://t.co/SxIyYuVpnE",FALSE,2,"arvindcanchi",2017-08-31 16:53:22,TRUE,"903299435274190849","903299687842590720","2913871934","<a href=""http://twitter.com/download/android"" rel=""nofollow"">Twitter for Android</a>","manishadassi",0,FALSE,FALSE,NA,NA
"114","@arvindcanchi @DrLighthunter @unicipa @EdoardoMelilli @manishadassi @wittykidney @poyanmehr @raja_1980… https://t.co/iOwhTCGBee",FALSE,5,"arvindcanchi",2017-08-31 16:52:59,TRUE,"903298921874694145","903299591059144704","2913871934","<a href=""http://twitter.com/download/iphone"" rel=""nofollow"">Twitter for iPhone</a>","Errantnephron",0,FALSE,FALSE,NA,NA
"115","@anupampom @wittykidney @unicipa @EdoardoMelilli @manishadassi @poyanmehr @raja_1980 @ISNeducation @hswapnil… https://t.co/ZwFXvvv3l1",FALSE,2,"anupampom",2017-08-31 16:52:55,TRUE,"903299404072751104","903299572180500480","56173323","<a href=""http://twitter.com/#!/download/ipad"" rel=""nofollow"">Twitter for iPad</a>","arvindcanchi",0,FALSE,FALSE,NA,NA
"116","@khaled1409 @arvindcanchi @unicipa @EdoardoMelilli @manishadassi @wittykidney @poyanmehr @raja_1980 @ISNeducation… https://t.co/VMw9YBvkT0",FALSE,3,"khaled1409",2017-08-31 16:52:41,TRUE,"903299249739354113","903299516744343553","254273418","<a href=""http://twitter.com/download/iphone"" rel=""nofollow"">Twitter for iPhone</a>","gag_aggarwal",0,FALSE,FALSE,NA,NA
"117","@khaled1409 @unicipa @EdoardoMelilli @manishadassi @wittykidney @poyanmehr @raja_1980 @ISNeducation @hswapnil… https://t.co/L8HBRWoJuR",FALSE,1,"khaled1409",2017-08-31 16:52:22,TRUE,"903299249739354113","903299435274190849","254273418","<a href=""http://twitter.com/#!/download/ipad"" rel=""nofollow"">Twitter for iPad</a>","arvindcanchi",0,FALSE,FALSE,NA,NA
"118","@arvindcanchi @unicipa @EdoardoMelilli @manishadassi @wittykidney @poyanmehr @raja_1980 @ISNeducation @hswapnil… https://t.co/cILBHOfHCy",FALSE,4,"arvindcanchi",2017-08-31 16:51:25,TRUE,"903298921874694145","903299197545332736","2913871934","<a href=""http://twitter.com/download/android"" rel=""nofollow"">Twitter for Android</a>","DrLighthunter",0,FALSE,FALSE,NA,NA
"119","#ECNeph https://t.co/XbOAItyzij",FALSE,2,NA,2017-08-31 16:51:19,FALSE,NA,"903299172866039808",NA,"<a href=""http://twitter.com/#!/download/ipad"" rel=""nofollow"">Twitter for iPad</a>","arvindcanchi",0,FALSE,FALSE,NA,NA
"120","@DrLighthunter @unicipa @EdoardoMelilli @manishadassi @wittykidney @poyanmehr @raja_1980 @ISNeducation @hswapnil… https://t.co/adlwFnliVr",FALSE,3,"DrLighthunter",2017-08-31 16:50:20,TRUE,"903298808846499840","903298921874694145","290644718","<a href=""http://twitter.com/#!/download/ipad"" rel=""nofollow"">Twitter for iPad</a>","arvindcanchi",0,FALSE,FALSE,NA,NA
"121","@arvindcanchi @unicipa @EdoardoMelilli @manishadassi @poyanmehr @raja_1980 @ISNeducation @hswapnil @MayuriTrivedi80… https://t.co/mArXC7kWyE",FALSE,3,"arvindcanchi",2017-08-31 16:50:12,TRUE,"903298426699341824","903298889754824704","2913871934","<a href=""http://twitter.com/#!/download/ipad"" rel=""nofollow"">Twitter for iPad</a>","wittykidney",0,FALSE,FALSE,NA,NA
"122","@arvindcanchi @unicipa @EdoardoMelilli @manishadassi @wittykidney @poyanmehr @raja_1980 @ISNeducation @hswapnil… https://t.co/uOb4Q0PYHB",FALSE,3,"arvindcanchi",2017-08-31 16:49:53,TRUE,"903298426699341824","903298808846499840","2913871934","<a href=""http://twitter.com/download/android"" rel=""nofollow"">Twitter for Android</a>","DrLighthunter",0,FALSE,FALSE,NA,NA
"123","@gag_aggarwal @unicipa @EdoardoMelilli @manishadassi @wittykidney @poyanmehr @raja_1980 @ISNeducation @hswapnil… https://t.co/7eYHwRHKPS",FALSE,2,"gag_aggarwal",2017-08-31 16:49:43,TRUE,"903298716869599234","903298768602251265","3118417408","<a href=""http://twitter.com/#!/download/ipad"" rel=""nofollow"">Twitter for iPad</a>","arvindcanchi",0,FALSE,FALSE,NA,NA
"124","@arvindcanchi @unicipa @EdoardoMelilli @manishadassi @wittykidney @poyanmehr @raja_1980 @ISNeducation @hswapnil… https://t.co/WqSfdd8yBp",FALSE,4,"arvindcanchi",2017-08-31 16:49:31,TRUE,"903298426699341824","903298716869599234","2913871934","<a href=""http://twitter.com/download/iphone"" rel=""nofollow"">Twitter for iPhone</a>","gag_aggarwal",0,FALSE,FALSE,NA,NA
"125","@arvindcanchi @mhtwenge @DrLighthunter @manan_doshi @unicipa @EdoardoMelilli @manishadassi @wittykidney @poyanmehr… https://t.co/ZYh1uKfcwf",FALSE,4,"arvindcanchi",2017-08-31 16:48:33,TRUE,"903298135719518209","903298473105035265","2913871934","<a href=""http://twitter.com/download/iphone"" rel=""nofollow"">Twitter for iPhone</a>","gag_aggarwal",0,FALSE,FALSE,NA,NA
"126","@unicipa @EdoardoMelilli @manishadassi @wittykidney @poyanmehr @raja_1980 @ISNeducation @hswapnil @MayuriTrivedi80… https://t.co/r5cSRmzeIm",FALSE,2,"arvindcanchi",2017-08-31 16:48:22,TRUE,"903273635288309760","903298426699341824","2913871934","<a href=""http://twitter.com/#!/download/ipad"" rel=""nofollow"">Twitter for iPad</a>","arvindcanchi",0,FALSE,FALSE,NA,NA
"127","@wittykidney @DrLighthunter @gag_aggarwal @manan_doshi @unicipa @EdoardoMelilli @manishadassi @poyanmehr @raja_1980… https://t.co/n0DWuwgmdZ",FALSE,3,"wittykidney",2017-08-31 16:47:33,TRUE,"903298140073324544","903298224051576833","750284544","<a href=""http://twitter.com/#!/download/ipad"" rel=""nofollow"">Twitter for iPad</a>","arvindcanchi",0,FALSE,FALSE,NA,NA
"128","@manan_doshi @arvindcanchi @DrLighthunter @wittykidney @unicipa @EdoardoMelilli @manishadassi @poyanmehr @raja_1980… https://t.co/lxDvAp7IwC",FALSE,5,"manan_doshi",2017-08-31 16:47:21,TRUE,"903297974171602944","903298173933764608","140825819","<a href=""http://twitter.com/download/iphone"" rel=""nofollow"">Twitter for iPhone</a>","gag_aggarwal",0,FALSE,FALSE,NA,NA
"129","@arvindcanchi @DrLighthunter @gag_aggarwal @manan_doshi @unicipa @EdoardoMelilli @manishadassi @poyanmehr… https://t.co/MnKtjOY5kh",FALSE,1,"arvindcanchi",2017-08-31 16:47:13,TRUE,"903297822711103488","903298140073324544","2913871934","<a href=""http://twitter.com/#!/download/ipad"" rel=""nofollow"">Twitter for iPad</a>","wittykidney",0,FALSE,FALSE,NA,NA
"130","@mhtwenge @DrLighthunter @gag_aggarwal @manan_doshi @unicipa @EdoardoMelilli @manishadassi @wittykidney @poyanmehr… https://t.co/KTyGw09WW4",FALSE,0,"mhtwenge",2017-08-31 16:47:12,TRUE,"903298006778167296","903298135719518209","785654384851980288","<a href=""http://twitter.com/#!/download/ipad"" rel=""nofollow"">Twitter for iPad</a>","arvindcanchi",0,FALSE,FALSE,NA,NA
"131","@gag_aggarwal @wittykidney @manan_doshi @unicipa @EdoardoMelilli @manishadassi @poyanmehr @raja_1980 @ISNeducation… https://t.co/y8hwAwTQ47",FALSE,3,"gag_aggarwal",2017-08-31 16:46:43,TRUE,"903297783372713984","903298012780179456","3118417408","<a href=""http://twitter.com/#!/download/ipad"" rel=""nofollow"">Twitter for iPad</a>","arvindcanchi",0,FALSE,FALSE,NA,NA
"132","@arvindcanchi @DrLighthunter @gag_aggarwal @manan_doshi @unicipa @EdoardoMelilli @manishadassi @wittykidney… https://t.co/Bx3pNBaP4Y",FALSE,1,"arvindcanchi",2017-08-31 16:46:41,TRUE,"903297567458443264","903298006778167296","2913871934","<a href=""http://twitter.com/#!/download/ipad"" rel=""nofollow"">Twitter for iPad</a>","mhtwenge",0,FALSE,FALSE,NA,NA
"133","@arvindcanchi @DrLighthunter @wittykidney @gag_aggarwal @unicipa @EdoardoMelilli @manishadassi @poyanmehr… https://t.co/YadOFHxAC3",FALSE,1,"arvindcanchi",2017-08-31 16:46:34,TRUE,"903297822711103488","903297974171602944","2913871934","<a href=""https://about.twitter.com/products/tweetdeck"" rel=""nofollow"">TweetDeck</a>","manan_doshi",0,FALSE,FALSE,NA,NA
"134","@DrLighthunter @wittykidney @gag_aggarwal @manan_doshi @unicipa @EdoardoMelilli @manishadassi @poyanmehr @raja_1980… https://t.co/X9sJbTPucf",FALSE,1,"DrLighthunter",2017-08-31 16:45:58,TRUE,"903297661058523136","903297822711103488","290644718","<a href=""http://twitter.com/#!/download/ipad"" rel=""nofollow"">Twitter for iPad</a>","arvindcanchi",0,FALSE,FALSE,NA,NA
"135","@wittykidney @arvindcanchi @manan_doshi @unicipa @EdoardoMelilli @manishadassi @poyanmehr @raja_1980 @ISNeducation… https://t.co/UOiHpaJ2w7",FALSE,4,"wittykidney",2017-08-31 16:45:48,TRUE,"903297513356185604","903297783372713984","750284544","<a href=""http://twitter.com/download/iphone"" rel=""nofollow"">Twitter for iPhone</a>","gag_aggarwal",0,FALSE,FALSE,NA,NA
"136","RT @arvindcanchi: #ECNeph A young male with an unusual addiction (cough syrup) and #AKI. Join us this Thursday 31st Aug @ 10 pm IST for a d…",FALSE,0,NA,2017-08-31 16:45:30,FALSE,NA,"903297707548270593",NA,"<a href=""http://twitter.com/download/iphone"" rel=""nofollow"">Twitter for iPhone</a>","louise_pay",14,TRUE,FALSE,NA,NA
"137","@wittykidney @gag_aggarwal @arvindcanchi @manan_doshi @unicipa @EdoardoMelilli @manishadassi @poyanmehr @raja_1980… https://t.co/QUnllVU2Yi",FALSE,1,"wittykidney",2017-08-31 16:45:19,TRUE,"903297513356185604","903297661058523136","750284544","<a href=""http://twitter.com/download/android"" rel=""nofollow"">Twitter for Android</a>","DrLighthunter",0,FALSE,FALSE,NA,NA
"138","@wittykidney @gag_aggarwal @manan_doshi @unicipa @EdoardoMelilli @manishadassi @poyanmehr @raja_1980 @ISNeducation… https://t.co/Ix4ItQZtKL",FALSE,1,"wittykidney",2017-08-31 16:45:16,TRUE,"903297513356185604","903297647091474432","750284544","<a href=""http://twitter.com/#!/download/ipad"" rel=""nofollow"">Twitter for iPad</a>","arvindcanchi",0,FALSE,FALSE,NA,NA
"139","@DrLighthunter @gag_aggarwal @manan_doshi @unicipa @EdoardoMelilli @manishadassi @wittykidney @poyanmehr @raja_1980… https://t.co/wZoou7ZNcs",FALSE,5,"DrLighthunter",2017-08-31 16:44:57,TRUE,"903297416304123904","903297567458443264","290644718","<a href=""http://twitter.com/#!/download/ipad"" rel=""nofollow"">Twitter for iPad</a>","arvindcanchi",0,FALSE,FALSE,NA,NA
"140","@gag_aggarwal @arvindcanchi @manan_doshi @unicipa @EdoardoMelilli @manishadassi @poyanmehr @raja_1980 @ISNeducation… https://t.co/QkpX8svLvM",FALSE,2,"gag_aggarwal",2017-08-31 16:44:44,TRUE,"903297181385277440","903297513356185604","3118417408","<a href=""http://twitter.com/#!/download/ipad"" rel=""nofollow"">Twitter for iPad</a>","wittykidney",0,FALSE,FALSE,NA,NA
"141","@unicipa @manan_doshi @gag_aggarwal @EdoardoMelilli @manishadassi @wittykidney @poyanmehr @raja_1980 @ISNeducation… https://t.co/El9cyYEup7",FALSE,1,"unicipa",2017-08-31 16:44:31,TRUE,"903296821811965952","903297458897207296","1087413552","<a href=""http://twitter.com/#!/download/ipad"" rel=""nofollow"">Twitter for iPad</a>","arvindcanchi",0,FALSE,FALSE,NA,NA
"142","@gag_aggarwal @arvindcanchi @manan_doshi @unicipa @EdoardoMelilli @manishadassi @wittykidney @poyanmehr @raja_1980… https://t.co/aaWGopSlSd",FALSE,3,"gag_aggarwal",2017-08-31 16:44:21,TRUE,"903297181385277440","903297416304123904","3118417408","<a href=""http://twitter.com/download/android"" rel=""nofollow"">Twitter for Android</a>","DrLighthunter",0,FALSE,FALSE,NA,NA
"143","@arvindcanchi @manan_doshi @unicipa @EdoardoMelilli @manishadassi @wittykidney @poyanmehr @raja_1980 @ISNeducation… https://t.co/xcyzuv7s90",FALSE,3,"gag_aggarwal",2017-08-31 16:43:25,TRUE,"903296331745189888","903297181385277440","3118417408","<a href=""http://twitter.com/download/iphone"" rel=""nofollow"">Twitter for iPhone</a>","gag_aggarwal",1,FALSE,FALSE,NA,NA
"144","No exposure to rats or bats leptospirosis #ECNeph",FALSE,0,NA,2017-08-31 16:43:22,FALSE,NA,"903297168810893312",NA,"<a href=""http://twitter.com/#!/download/ipad"" rel=""nofollow"">Twitter for iPad</a>","wittykidney",0,FALSE,FALSE,NA,NA
"145","@manan_doshi @gag_aggarwal @unicipa @EdoardoMelilli @manishadassi @wittykidney @poyanmehr @raja_1980 @ISNeducation… https://t.co/tRY96oGDj4",FALSE,0,"manan_doshi",2017-08-31 16:43:03,TRUE,"903296938816049152","903297088875749377","140825819","<a href=""http://twitter.com/#!/download/ipad"" rel=""nofollow"">Twitter for iPad</a>","arvindcanchi",0,FALSE,FALSE,NA,NA
"146","@arvindcanchi @gag_aggarwal @unicipa @EdoardoMelilli @manishadassi @wittykidney @poyanmehr @raja_1980 @ISNeducation… https://t.co/fXeJXVmRPE",FALSE,1,"arvindcanchi",2017-08-31 16:42:27,TRUE,"903296578521153540","903296938816049152","2913871934","<a href=""https://about.twitter.com/products/tweetdeck"" rel=""nofollow"">TweetDeck</a>","manan_doshi",0,FALSE,FALSE,NA,NA
"147","@mhtwenge @wittykidney @manishadassi @gag_aggarwal @manan_doshi @unicipa @EdoardoMelilli @poyanmehr @raja_1980… https://t.co/L0ecVdJbif",FALSE,1,"mhtwenge",2017-08-31 16:42:20,TRUE,"903296626134966272","903296911569895424","785654384851980288","<a href=""http://twitter.com/#!/download/ipad"" rel=""nofollow"">Twitter for iPad</a>","arvindcanchi",0,FALSE,FALSE,NA,NA
"148","@arvindcanchi @manan_doshi @gag_aggarwal @EdoardoMelilli @manishadassi @wittykidney @poyanmehr @raja_1980… https://t.co/MdR5YKf1kN",FALSE,2,"arvindcanchi",2017-08-31 16:41:59,TRUE,"903296578521153540","903296821811965952","2913871934","<a href=""http://twitter.com"" rel=""nofollow"">Twitter Web Client</a>","unicipa",0,FALSE,FALSE,NA,NA
"149","@DrLighthunter @manan_doshi @gag_aggarwal @unicipa @EdoardoMelilli @manishadassi @wittykidney @poyanmehr @raja_1980… https://t.co/ZOjsADFYBa",FALSE,0,"DrLighthunter",2017-08-31 16:41:31,TRUE,"903296444597125120","903296702789988353","290644718","<a href=""http://twitter.com/#!/download/ipad"" rel=""nofollow"">Twitter for iPad</a>","arvindcanchi",0,FALSE,FALSE,NA,NA
"150","@arvindcanchi @khaled1409 @unicipa @EdoardoMelilli @manishadassi @wittykidney @poyanmehr @raja_1980 @ISNeducation… https://t.co/qT1BORcLeq",FALSE,0,"arvindcanchi",2017-08-31 16:41:19,TRUE,"903296447092629504","903296652428976128","2913871934","<a href=""http://twitter.com/download/android"" rel=""nofollow"">Twitter for Android</a>","DrLighthunter",0,FALSE,FALSE,NA,NA
"151","@arvindcanchi @wittykidney @manishadassi @gag_aggarwal @manan_doshi @unicipa @EdoardoMelilli @poyanmehr @raja_1980… https://t.co/VCUaglP4hi",FALSE,0,"arvindcanchi",2017-08-31 16:41:12,TRUE,"903296270881538048","903296626134966272","2913871934","<a href=""http://twitter.com/#!/download/ipad"" rel=""nofollow"">Twitter for iPad</a>","mhtwenge",0,FALSE,FALSE,NA,NA
"152","@manan_doshi @gag_aggarwal @unicipa @EdoardoMelilli @manishadassi @wittykidney @poyanmehr @raja_1980 @ISNeducation… https://t.co/RqwGrbYrvU",FALSE,0,"manan_doshi",2017-08-31 16:41:01,TRUE,"903296438397919232","903296578521153540","140825819","<a href=""http://twitter.com/#!/download/ipad"" rel=""nofollow"">Twitter for iPad</a>","arvindcanchi",0,FALSE,FALSE,NA,NA
"153","@khaled1409 @unicipa @EdoardoMelilli @manishadassi @wittykidney @poyanmehr @raja_1980 @ISNeducation @hswapnil… https://t.co/wLGI5WiRfA",FALSE,1,"khaled1409",2017-08-31 16:40:30,TRUE,"903295973614653441","903296447092629504","254273418","<a href=""http://twitter.com/#!/download/ipad"" rel=""nofollow"">Twitter for iPad</a>","arvindcanchi",0,FALSE,FALSE,NA,NA
"154","@arvindcanchi @manan_doshi @gag_aggarwal @unicipa @EdoardoMelilli @manishadassi @wittykidney @poyanmehr @raja_1980… https://t.co/7MfklWBTjb",FALSE,1,"arvindcanchi",2017-08-31 16:40:29,TRUE,"903296060407156736","903296444597125120","2913871934","<a href=""http://twitter.com/download/android"" rel=""nofollow"">Twitter for Android</a>","DrLighthunter",0,FALSE,FALSE,NA,NA
"155","@arvindcanchi @gag_aggarwal @unicipa @EdoardoMelilli @manishadassi @wittykidney @poyanmehr @raja_1980 @ISNeducation… https://t.co/gSVzV9jSYr",FALSE,1,"arvindcanchi",2017-08-31 16:40:28,TRUE,"903296060407156736","903296438397919232","2913871934","<a href=""https://about.twitter.com/products/tweetdeck"" rel=""nofollow"">TweetDeck</a>","manan_doshi",0,FALSE,FALSE,NA,NA
"156","@arvindcanchi @manan_doshi @unicipa @EdoardoMelilli @manishadassi @wittykidney @poyanmehr @raja_1980 @ISNeducation… https://t.co/5fNQ7E3Pl2",FALSE,3,"arvindcanchi",2017-08-31 16:40:02,TRUE,"903296060407156736","903296331745189888","2913871934","<a href=""http://twitter.com/download/iphone"" rel=""nofollow"">Twitter for iPhone</a>","gag_aggarwal",0,FALSE,FALSE,NA,NA
"157","@wittykidney @manishadassi @gag_aggarwal @manan_doshi @unicipa @EdoardoMelilli @poyanmehr @raja_1980 @ISNeducation… https://t.co/5a6CVhxrPb",FALSE,4,"wittykidney",2017-08-31 16:39:48,TRUE,"903296068590460929","903296270881538048","750284544","<a href=""http://twitter.com/#!/download/ipad"" rel=""nofollow"">Twitter for iPad</a>","arvindcanchi",0,FALSE,FALSE,NA,NA
"158","@arvindcanchi @manishadassi @gag_aggarwal @manan_doshi @unicipa @EdoardoMelilli @poyanmehr @raja_1980 @ISNeducation… https://t.co/4RKiUMGsYD",FALSE,3,"arvindcanchi",2017-08-31 16:38:59,TRUE,"903295744563544064","903296068590460929","2913871934","<a href=""http://twitter.com/#!/download/ipad"" rel=""nofollow"">Twitter for iPad</a>","wittykidney",0,FALSE,FALSE,NA,NA
"159","@manan_doshi @gag_aggarwal @unicipa @EdoardoMelilli @manishadassi @wittykidney @poyanmehr @raja_1980 @ISNeducation… https://t.co/StIuBjnSBV",FALSE,2,"manan_doshi",2017-08-31 16:38:57,TRUE,"903295854877876224","903296060407156736","140825819","<a href=""http://twitter.com/#!/download/ipad"" rel=""nofollow"">Twitter for iPad</a>","arvindcanchi",0,FALSE,FALSE,NA,NA
"160","@arvindcanchi @gag_aggarwal @unicipa @EdoardoMelilli @manishadassi @wittykidney @poyanmehr @raja_1980 @ISNeducation… https://t.co/ut0Bg6qvaq",FALSE,1,"arvindcanchi",2017-08-31 16:38:08,TRUE,"903295457916362752","903295854877876224","2913871934","<a href=""https://about.twitter.com/products/tweetdeck"" rel=""nofollow"">TweetDeck</a>","manan_doshi",0,FALSE,FALSE,NA,NA
"161","@manishadassi @gag_aggarwal @manan_doshi @unicipa @EdoardoMelilli @wittykidney @poyanmehr @raja_1980 @ISNeducation… https://t.co/7NUZXWUTJC",FALSE,1,"manishadassi",2017-08-31 16:37:42,TRUE,"903295527726366720","903295744563544064","788026796906205185","<a href=""http://twitter.com/#!/download/ipad"" rel=""nofollow"">Twitter for iPad</a>","arvindcanchi",0,FALSE,FALSE,NA,NA
"162","@manishadassi @arvindcanchi @manan_doshi @unicipa @EdoardoMelilli @wittykidney @poyanmehr @raja_1980 @ISNeducation… https://t.co/0BSAUAFJOX",FALSE,1,"manishadassi",2017-08-31 16:37:41,TRUE,"903295527726366720","903295740843180032","788026796906205185","<a href=""http://twitter.com/download/iphone"" rel=""nofollow"">Twitter for iPhone</a>","gag_aggarwal",0,FALSE,FALSE,NA,NA
"163","ALT, AST up, with fever, some kind of viral hepatitis, unless drug toxicity - any other drugs #ECNeph",FALSE,1,NA,2017-08-31 16:36:53,FALSE,NA,"903295536861769734",NA,"<a href=""http://twitter.com/#!/download/ipad"" rel=""nofollow"">Twitter for iPad</a>","wittykidney",0,FALSE,FALSE,NA,NA
"164","@gag_aggarwal @manan_doshi @unicipa @EdoardoMelilli @manishadassi @wittykidney @poyanmehr @raja_1980 @ISNeducation… https://t.co/noAe98cQfw",FALSE,0,"gag_aggarwal",2017-08-31 16:36:34,TRUE,"903295362261164032","903295457916362752","3118417408","<a href=""http://twitter.com/#!/download/ipad"" rel=""nofollow"">Twitter for iPad</a>","arvindcanchi",0,FALSE,FALSE,NA,NA
"165","@DrLighthunter @unicipa @EdoardoMelilli @manishadassi @wittykidney @poyanmehr @raja_1980 @ISNeducation @hswapnil… https://t.co/VD94TIqqcR",FALSE,1,"DrLighthunter",2017-08-31 16:36:02,TRUE,"903295037626245121","903295325087006725","290644718","<a href=""http://twitter.com/#!/download/ipad"" rel=""nofollow"">Twitter for iPad</a>","arvindcanchi",0,FALSE,FALSE,NA,NA
"166","@arvindcanchi @unicipa @EdoardoMelilli @manishadassi @wittykidney @poyanmehr @raja_1980 @ISNeducation @hswapnil… https://t.co/pMwdUVgXT8",FALSE,1,"DrLighthunter",2017-08-31 16:35:46,TRUE,"903295037626245121","903295258431184897","290644718","<a href=""http://twitter.com/download/android"" rel=""nofollow"">Twitter for Android</a>","DrLighthunter",0,FALSE,FALSE,NA,NA
"167","@wittykidney @unicipa @EdoardoMelilli @manishadassi @poyanmehr @raja_1980 @ISNeducation @hswapnil @MayuriTrivedi80… https://t.co/CIg3DoRXu8",FALSE,3,"wittykidney",2017-08-31 16:35:33,TRUE,"903294733635739648","903295203779289088","750284544","<a href=""http://twitter.com/#!/download/ipad"" rel=""nofollow"">Twitter for iPad</a>","arvindcanchi",0,FALSE,FALSE,NA,NA
"168","@arvindcanchi HOLA!   #ecneph",FALSE,1,"arvindcanchi",2017-08-31 16:35:21,FALSE,"903292514182074368","903295152009170945","2913871934","<a href=""http://www.tchat.io"" rel=""nofollow"">tchat.io</a>","Errantnephron",0,FALSE,FALSE,NA,NA
"169","@SreejithDr Hi @SreejithDr add #ECNeph to your tweets",FALSE,1,"SreejithDr",2017-08-31 16:34:23,FALSE,"903294608326750208","903294909347651585","2502034490","<a href=""http://twitter.com/#!/download/ipad"" rel=""nofollow"">Twitter for iPad</a>","arvindcanchi",0,FALSE,FALSE,NA,NA
"170","@manan_doshi @unicipa @EdoardoMelilli @manishadassi @wittykidney @poyanmehr @raja_1980 @ISNeducation @hswapnil… https://t.co/HqfepYu4wD",FALSE,3,"manan_doshi",2017-08-31 16:33:55,TRUE,"903294645580447744","903294792653611008","140825819","<a href=""http://twitter.com/#!/download/ipad"" rel=""nofollow"">Twitter for iPad</a>","arvindcanchi",0,FALSE,FALSE,NA,NA
"171","@arvindcanchi @unicipa @EdoardoMelilli @manishadassi @poyanmehr @raja_1980 @ISNeducation @hswapnil @MayuriTrivedi80… https://t.co/QGmFLI8L5U",FALSE,1,"arvindcanchi",2017-08-31 16:33:41,TRUE,"903294225399275520","903294733635739648","2913871934","<a href=""http://twitter.com/#!/download/ipad"" rel=""nofollow"">Twitter for iPad</a>","wittykidney",0,FALSE,FALSE,NA,NA
"172","@unicipa @EdoardoMelilli @manishadassi @wittykidney @poyanmehr @raja_1980 @ISNeducation @hswapnil @MayuriTrivedi80… https://t.co/Keyl7fwowg",FALSE,2,"arvindcanchi",2017-08-31 16:33:23,TRUE,"903273635288309760","903294658557616128","2913871934","<a href=""http://twitter.com/#!/download/ipad"" rel=""nofollow"">Twitter for iPad</a>","arvindcanchi",0,FALSE,FALSE,NA,NA
"173","@arvindcanchi @unicipa @EdoardoMelilli @manishadassi @wittykidney @poyanmehr @raja_1980 @ISNeducation @hswapnil… https://t.co/ozuyG8GQb2",FALSE,0,"arvindcanchi",2017-08-31 16:33:20,TRUE,"903294225399275520","903294645580447744","2913871934","<a href=""https://about.twitter.com/products/tweetdeck"" rel=""nofollow"">TweetDeck</a>","manan_doshi",0,FALSE,FALSE,NA,NA
"174","@unicipa @EdoardoMelilli @manishadassi @wittykidney @poyanmehr @raja_1980 @ISNeducation @hswapnil @MayuriTrivedi80… https://t.co/XyoQMf7wT4",FALSE,6,"arvindcanchi",2017-08-31 16:31:40,TRUE,"903273635288309760","903294225399275520","2913871934","<a href=""http://twitter.com/#!/download/ipad"" rel=""nofollow"">Twitter for iPad</a>","arvindcanchi",0,FALSE,FALSE,NA,NA
"175","@unicipa @EdoardoMelilli @manishadassi @wittykidney @poyanmehr @raja_1980 @ISNeducation @hswapnil @MayuriTrivedi80… https://t.co/szQelfgm6F",FALSE,5,"arvindcanchi",2017-08-31 16:30:17,TRUE,"903273635288309760","903293877062213636","2913871934","<a href=""http://twitter.com/#!/download/ipad"" rel=""nofollow"">Twitter for iPad</a>","arvindcanchi",0,FALSE,FALSE,NA,NA
"176","@arvindcanchi Hi, #ecneph",FALSE,1,"arvindcanchi",2017-08-31 16:29:09,FALSE,"903292514182074368","903293594244665344","2913871934","<a href=""http://twitter.com/download/iphone"" rel=""nofollow"">Twitter for iPhone</a>","khaled1409",0,FALSE,FALSE,NA,NA
"177","RT @arvindcanchi: In five minutes folks. Any of you  out there,  say  hi.  #ecneph",FALSE,0,NA,2017-08-31 16:27:49,FALSE,NA,"903293257177759744",NA,"<a href=""http://twitter.com/download/android"" rel=""nofollow"">Twitter for Android</a>","sibgokcay",2,TRUE,FALSE,NA,NA
"178","@unicipa @arvindcanchi Hi #ECNeph",FALSE,1,"unicipa",2017-08-31 16:27:34,FALSE,"903293112562446337","903293195504689153","1087413552","<a href=""https://about.twitter.com/products/tweetdeck"" rel=""nofollow"">TweetDeck</a>","manan_doshi",0,FALSE,FALSE,NA,NA
"179","RT @arvindcanchi: In five minutes folks. Any of you  out there,  say  hi.  #ecneph",FALSE,0,NA,2017-08-31 16:27:23,FALSE,NA,"903293145873387520",NA,"<a href=""http://twitter.com"" rel=""nofollow"">Twitter Web Client</a>","unicipa",2,TRUE,FALSE,NA,NA
"180","@arvindcanchi Hi, #ecneph",FALSE,1,"arvindcanchi",2017-08-31 16:27:15,FALSE,"903292514182074368","903293112562446337","2913871934","<a href=""http://twitter.com"" rel=""nofollow"">Twitter Web Client</a>","unicipa",0,FALSE,FALSE,NA,NA
"181","In five minutes folks. Any of you  out there,  say  hi.  #ecneph",FALSE,3,NA,2017-08-31 16:24:52,FALSE,NA,"903292514182074368",NA,"<a href=""http://www.tchat.io"" rel=""nofollow"">tchat.io</a>","arvindcanchi",2,FALSE,FALSE,NA,NA
"182","@unicipa @EdoardoMelilli @manishadassi @wittykidney @poyanmehr @raja_1980 @ISNeducation @hswapnil @MayuriTrivedi80… https://t.co/TiqRn1pUBw",FALSE,2,"arvindcanchi",2017-08-31 16:20:51,TRUE,"903273635288309760","903291504046751744","2913871934","<a href=""http://twitter.com/#!/download/ipad"" rel=""nofollow"">Twitter for iPad</a>","arvindcanchi",3,FALSE,FALSE,NA,NA
"183","@arvindcanchi @unicipa @EdoardoMelilli @manishadassi @wittykidney @poyanmehr @raja_1980 @ISNeducation @hswapnil… https://t.co/yTWenrDAId",FALSE,5,"arvindcanchi",2017-08-31 16:20:41,TRUE,"903273635288309760","903291460568719362","2913871934","<a href=""https://about.twitter.com/products/tweetdeck"" rel=""nofollow"">TweetDeck</a>","nephondemand",1,FALSE,FALSE,NA,NA
"184","@arvindcanchi @unicipa @EdoardoMelilli @manishadassi @wittykidney @poyanmehr @raja_1980 @ISNeducation @hswapnil… https://t.co/IA8FQOFbvY",FALSE,4,"arvindcanchi",2017-08-31 16:17:19,TRUE,"903273635288309760","903290614481080321","2913871934","<a href=""https://about.twitter.com/products/tweetdeck"" rel=""nofollow"">TweetDeck</a>","nephondemand",0,FALSE,FALSE,NA,NA
"185","@arvindcanchi @unicipa @EdoardoMelilli @manishadassi @poyanmehr @raja_1980 @ISNeducation @hswapnil @MayuriTrivedi80… https://t.co/EH7Knok7Mn",FALSE,3,"arvindcanchi",2017-08-31 15:46:19,TRUE,"903273635288309760","903282812832419840","2913871934","<a href=""http://twitter.com/#!/download/ipad"" rel=""nofollow"">Twitter for iPad</a>","wittykidney",0,FALSE,FALSE,NA,NA
"186","In less than 90 min from now #ECNeph today about a 23yr old male with cough syrup addiction and #AKI. Do join the d… https://t.co/I7CVGr2TII",FALSE,1,"arvindcanchi",2017-08-31 15:08:08,TRUE,"903251210710302720","903273204092780547","2913871934","<a href=""http://twitter.com/#!/download/ipad"" rel=""nofollow"">Twitter for iPad</a>","arvindcanchi",0,FALSE,FALSE,NA,NA
"187","RT @arvindcanchi: #ECNeph in under 3 hours from now at  10pm IST. A pt with cough syrup addiction and  #AKI.  Do join the discussion and RT…",FALSE,0,NA,2017-08-31 14:50:39,FALSE,NA,"903268806222503936",NA,"<a href=""http://twitter.com/download/android"" rel=""nofollow"">Twitter for Android</a>","DAMSonians",2,TRUE,FALSE,NA,NA
"188","@VelezNephHepato @raja_1980 @ISNeducation @hswapnil @MayuriTrivedi80 @Nair_Sanj @manishadassi @gag_aggarwal… https://t.co/fbwB9SG6Vu",FALSE,3,"arvindcanchi",2017-08-31 13:50:18,TRUE,"903253345208377345","903253618337366019","2913871934","<a href=""http://twitter.com/download/android"" rel=""nofollow"">Twitter for Android</a>","arvindcanchi",0,FALSE,FALSE,NA,NA
"189","@VelezNephHepato @raja_1980 @ISNeducation @hswapnil @MayuriTrivedi80 @Nair_Sanj @manishadassi @gag_aggarwal… https://t.co/9HWBQ9NGeN",FALSE,2,"VelezNephHepato",2017-08-31 13:49:13,TRUE,"903252632118194177","903253345208377345","850585173561356288","<a href=""http://twitter.com/download/android"" rel=""nofollow"">Twitter for Android</a>","arvindcanchi",0,FALSE,FALSE,NA,NA
"190","RT @arvindcanchi: #ECNeph in under 3 hours from now at  10pm IST. A pt with cough syrup addiction and  #AKI.  Do join the discussion and RT…",FALSE,0,NA,2017-08-31 13:43:25,FALSE,NA,"903251882910593024",NA,"<a href=""http://twitter.com"" rel=""nofollow"">Twitter Web Client</a>","unicipa",2,TRUE,FALSE,NA,NA
"191","@unicipa @EdoardoMelilli @manishadassi @wittykidney @poyanmehr @raja_1980 @ISNeducation @hswapnil @MayuriTrivedi80… https://t.co/MlMf5sJKhS",FALSE,1,"unicipa",2017-08-31 13:42:43,TRUE,"902550013296820224","903251709417238528","1087413552","<a href=""http://twitter.com/download/android"" rel=""nofollow"">Twitter for Android</a>","arvindcanchi",1,FALSE,FALSE,NA,NA
"192","#ECNeph in under 3 hours from now at  10pm IST. A pt with cough syrup addiction and  #AKI.  Do join the discussion… https://t.co/wBQsmrJhNX",FALSE,3,NA,2017-08-31 13:40:44,TRUE,NA,"903251210710302720",NA,"<a href=""http://twitter.com/download/android"" rel=""nofollow"">Twitter for Android</a>","arvindcanchi",2,FALSE,FALSE,NA,NA
"193","@chetanmudrabett @unicipa @arvindcanchi @MVankalakunti @PriyankaKoshy @Nair_Sanj @vjha126 @raja_1980… https://t.co/WkZKoBuWTz",FALSE,5,"chetanmudrabett",2017-08-31 13:15:54,TRUE,"903185483546509312","903244957594509312","308563137","<a href=""http://twitter.com/download/iphone"" rel=""nofollow"">Twitter for iPhone</a>","gag_aggarwal",0,FALSE,FALSE,NA,NA
"194","@chetanmudrabett @gag_aggarwal @MVankalakunti @PriyankaKoshy @Nair_Sanj @vjha126 @raja_1980 @MayuriTrivedi80… https://t.co/DAzb8Vl2M9",FALSE,2,"chetanmudrabett",2017-08-31 09:21:58,TRUE,"903184440708366336","903186090172891136","308563137","<a href=""http://twitter.com/download/android"" rel=""nofollow"">Twitter for Android</a>","arvindcanchi",0,FALSE,FALSE,NA,NA
"195","RT @arvindcanchi: #ECNeph A young male with an unusual addiction (cough syrup) and #AKI. Join us this Thursday 31st Aug @ 10 pm IST for a d…",FALSE,0,NA,2017-08-30 02:37:41,FALSE,NA,"902721959653289985",NA,"<a href=""http://twitter.com/download/android"" rel=""nofollow"">Twitter for Android</a>","DAMSonians",14,TRUE,FALSE,NA,NA
"196","RT @arvindcanchi: #ECNeph A young male with an unusual addiction (cough syrup) and #AKI. Join us this Thursday 31st Aug @ 10 pm IST for a d…",FALSE,0,NA,2017-08-30 01:25:50,FALSE,NA,"902703879506337796",NA,"<a href=""http://twitter.com/download/iphone"" rel=""nofollow"">Twitter for iPhone</a>","khaled1409",14,TRUE,FALSE,NA,NA
"197","@manishadassi On lateral thinking, you remind me of, https://t.co/9D1av8AFT2 #ECNeph",FALSE,0,"manishadassi",2017-08-29 21:43:21,FALSE,"902578320935718913","902647887036911620","788026796906205185","<a href=""http://twitter.com/#!/download/ipad"" rel=""nofollow"">Twitter for iPad</a>","wittykidney",0,FALSE,FALSE,NA,NA
"198","@arvindcanchi @raja_1980 @ISNeducation @hswapnil @MayuriTrivedi80 @Nair_Sanj @manishadassi @gag_aggarwal… https://t.co/6y5Cuq0V7n",FALSE,3,"arvindcanchi",2017-08-29 21:39:22,TRUE,"902362191063429120","902646885562929152","2913871934","<a href=""http://twitter.com/#!/download/ipad"" rel=""nofollow"">Twitter for iPad</a>","wittykidney",1,FALSE,FALSE,NA,NA
"199","@anupampom @manishadassi @gag_aggarwal @wittykidney @BajinderR @Errantnephron @arvindcanchi @EdoardoMelilli… https://t.co/4Hr8slgTys",FALSE,4,"anupampom",2017-08-29 17:19:59,TRUE,"902573100943925248","902581609030963200","56173323","<a href=""http://twitter.com"" rel=""nofollow"">Twitter Web Client</a>","unicipa",0,FALSE,FALSE,NA,NA
"200","Retweeted Arvind Canchi  (@arvindcanchi):

#ECNeph A young male with an unusual addiction (cough syrup) and... https://t.co/DRvhVM92CW",FALSE,0,NA,2017-08-29 17:17:13,FALSE,NA,"902580911170048002",NA,"<a href=""http://www.facebook.com/twitter"" rel=""nofollow"">Facebook</a>","nefrologiaHGM",0,FALSE,FALSE,NA,NA
"201","RT @arvindcanchi: #ECNeph A young male with an unusual addiction (cough syrup) and #AKI. Join us this Thursday 31st Aug @ 10 pm IST for a d…",FALSE,0,NA,2017-08-29 17:17:09,FALSE,NA,"902580895080738818",NA,"<a href=""http://twitter.com/download/iphone"" rel=""nofollow"">Twitter for iPhone</a>","nefrologiaHGM",14,TRUE,FALSE,NA,NA
"202","@arvindcanchi @manishadassi @Errantnephron @EdoardoMelilli @wittykidney @poyanmehr @raja_1980 @ISNeducation… https://t.co/jD1RKtR2J9",FALSE,2,"arvindcanchi",2017-08-29 17:11:27,TRUE,"902566478137794560","902579460360175616","2913871934","<a href=""https://mobile.twitter.com"" rel=""nofollow"">Twitter Lite</a>","anupampom",1,FALSE,FALSE,NA,NA
"203","Lateral thinking at #ECNeph !!! https://t.co/KMQ3TOjAw2",FALSE,1,NA,2017-08-29 17:06:55,FALSE,NA,"902578320935718913",NA,"<a href=""http://twitter.com/download/android"" rel=""nofollow"">Twitter for Android</a>","manishadassi",0,FALSE,FALSE,NA,NA
"204","@anupampom @manishadassi @wittykidney @BajinderR @Errantnephron @arvindcanchi @EdoardoMelilli @poyanmehr @raja_1980… https://t.co/oXyjgdLCvb",FALSE,6,"anupampom",2017-08-29 17:04:43,TRUE,"902576372895191041","902577768637939713","56173323","<a href=""http://twitter.com/download/iphone"" rel=""nofollow"">Twitter for iPhone</a>","gag_aggarwal",2,FALSE,FALSE,NA,NA
"205","@manishadassi @gag_aggarwal @wittykidney @BajinderR @Errantnephron @arvindcanchi @EdoardoMelilli @poyanmehr… https://t.co/ZQtrzzLU6C",FALSE,2,"manishadassi",2017-08-29 16:59:11,TRUE,"902575032332836864","902576372895191041","788026796906205185","<a href=""https://mobile.twitter.com"" rel=""nofollow"">Twitter Lite</a>","anupampom",0,FALSE,FALSE,NA,NA
"206","@goKDIGO CC: #ecneph #kidneywk #esot2017 #ANZAMasm #isncon #euroPD2017 #kidneypatients17 #espn2017 #pCRRT2017… https://t.co/guWFPbnlSX",FALSE,0,"nephondemand",2017-08-29 16:55:12,TRUE,"902568252374732800","902575373266898944","217779019","<a href=""http://twitter.com/download/iphone"" rel=""nofollow"">Twitter for iPhone</a>","nephondemand",0,FALSE,FALSE,NA,NA
"207","@anupampom @gag_aggarwal @wittykidney @BajinderR @Errantnephron @arvindcanchi @EdoardoMelilli @poyanmehr @raja_1980… https://t.co/9oWXpgH60x",FALSE,0,"anupampom",2017-08-29 16:53:51,TRUE,"902574804728811522","902575032332836864","56173323","<a href=""http://twitter.com/download/android"" rel=""nofollow"">Twitter for Android</a>","manishadassi",0,FALSE,FALSE,NA,NA
"208","@manishadassi @gag_aggarwal @wittykidney @BajinderR @Errantnephron @arvindcanchi @EdoardoMelilli @poyanmehr… https://t.co/YTYwpJpNQG",FALSE,2,"anupampom",2017-08-29 16:52:57,TRUE,"902573100943925248","902574804728811522","56173323","<a href=""https://mobile.twitter.com"" rel=""nofollow"">Twitter Lite</a>","anupampom",1,FALSE,FALSE,NA,NA
"209","@anupampom @manishadassi @wittykidney @BajinderR @Errantnephron @arvindcanchi @EdoardoMelilli @poyanmehr @raja_1980… https://t.co/A2fY5XoNCY",FALSE,3,"anupampom",2017-08-29 16:52:17,TRUE,"902573100943925248","902574639871778819","56173323","<a href=""http://twitter.com/download/iphone"" rel=""nofollow"">Twitter for iPhone</a>","gag_aggarwal",0,FALSE,FALSE,NA,NA
"210","@manishadassi @gag_aggarwal @wittykidney @BajinderR @Errantnephron @arvindcanchi @EdoardoMelilli @poyanmehr… https://t.co/sHfHMCNghr",FALSE,3,"anupampom",2017-08-29 16:48:50,TRUE,"902573100943925248","902573771894145024","56173323","<a href=""https://mobile.twitter.com"" rel=""nofollow"">Twitter Lite</a>","anupampom",0,FALSE,FALSE,NA,NA
"211","@manishadassi @gag_aggarwal @wittykidney @BajinderR @Errantnephron @arvindcanchi @EdoardoMelilli @poyanmehr… https://t.co/7GfxxA54rj",FALSE,3,"manishadassi",2017-08-29 16:46:10,TRUE,"902570603810455552","902573100943925248","788026796906205185","<a href=""https://mobile.twitter.com"" rel=""nofollow"">Twitter Lite</a>","anupampom",0,FALSE,FALSE,NA,NA
"212","@BajinderR @manishadassi @Errantnephron @arvindcanchi @EdoardoMelilli @poyanmehr @raja_1980 @ISNeducation @hswapnil… https://t.co/IG3A70hTZ5",FALSE,3,"BajinderR",2017-08-29 16:42:06,TRUE,"902571354616147970","902572077785415681","2547025576","<a href=""http://twitter.com/#!/download/ipad"" rel=""nofollow"">Twitter for iPad</a>","wittykidney",0,FALSE,FALSE,NA,NA
"213","@manishadassi @BajinderR @Errantnephron @arvindcanchi @EdoardoMelilli @poyanmehr @raja_1980 @ISNeducation @hswapnil… https://t.co/DtQl99Mf3I",FALSE,2,"manishadassi",2017-08-29 16:38:00,TRUE,"902569513794678785","902571043633672192","788026796906205185","<a href=""http://twitter.com/#!/download/ipad"" rel=""nofollow"">Twitter for iPad</a>","wittykidney",0,FALSE,FALSE,NA,NA
"214","@gag_aggarwal @wittykidney @BajinderR @Errantnephron @arvindcanchi @EdoardoMelilli @poyanmehr @raja_1980… https://t.co/6KTMxi10GP",FALSE,1,"gag_aggarwal",2017-08-29 16:36:15,TRUE,"902570398973173760","902570603810455552","3118417408","<a href=""http://twitter.com/download/android"" rel=""nofollow"">Twitter for Android</a>","manishadassi",0,FALSE,FALSE,NA,NA
"215","@manishadassi @BajinderR @Errantnephron @arvindcanchi @EdoardoMelilli @poyanmehr @raja_1980 @ISNeducation @hswapnil… https://t.co/lmjixQch44",FALSE,0,"manishadassi",2017-08-29 16:33:08,TRUE,"902569614244159488","902569820889251840","788026796906205185","<a href=""http://twitter.com/#!/download/ipad"" rel=""nofollow"">Twitter for iPad</a>","wittykidney",0,FALSE,FALSE,NA,NA
"216","@manishadassi @BajinderR @Errantnephron @arvindcanchi @EdoardoMelilli @poyanmehr @raja_1980 @ISNeducation @hswapnil… https://t.co/nH6nvYyis2",FALSE,1,"manishadassi",2017-08-29 16:31:17,TRUE,"902568005527265281","902569352012210180","788026796906205185","<a href=""http://twitter.com/#!/download/ipad"" rel=""nofollow"">Twitter for iPad</a>","wittykidney",0,FALSE,FALSE,NA,NA
"217","@BajinderR @manishadassi @Errantnephron @arvindcanchi @EdoardoMelilli @poyanmehr @raja_1980 @ISNeducation @hswapnil… https://t.co/ioDnflqjlr",FALSE,0,"BajinderR",2017-08-29 16:28:09,TRUE,"902568250613092352","902568563315163136","2547025576","<a href=""http://twitter.com/#!/download/ipad"" rel=""nofollow"">Twitter for iPad</a>","wittykidney",0,FALSE,FALSE,NA,NA
"218","@manishadassi @BajinderR @Errantnephron @arvindcanchi @EdoardoMelilli @poyanmehr @raja_1980 @ISNeducation @hswapnil… https://t.co/hAj39lF35O",FALSE,2,"manishadassi",2017-08-29 16:27:12,TRUE,"902568005527265281","902568327926730752","788026796906205185","<a href=""http://twitter.com/#!/download/ipad"" rel=""nofollow"">Twitter for iPad</a>","wittykidney",0,FALSE,FALSE,NA,NA
"219","@arvindcanchi @manishadassi @Errantnephron @EdoardoMelilli @poyanmehr @raja_1980 @ISNeducation @hswapnil… https://t.co/kk8EuSpc4f",FALSE,5,"arvindcanchi",2017-08-29 16:23:18,TRUE,"902566478137794560","902567344462995456","2913871934","<a href=""http://twitter.com/#!/download/ipad"" rel=""nofollow"">Twitter for iPad</a>","wittykidney",0,FALSE,FALSE,NA,NA
"220","@manishadassi @Errantnephron @EdoardoMelilli @wittykidney @poyanmehr @raja_1980 @ISNeducation @hswapnil… https://t.co/79L4fBNeki",FALSE,5,"manishadassi",2017-08-29 16:19:51,TRUE,"902565376365535237","902566478137794560","788026796906205185","<a href=""http://twitter.com/download/iphone"" rel=""nofollow"">Twitter for iPhone</a>","arvindcanchi",0,FALSE,FALSE,NA,NA
"221","@Errantnephron @arvindcanchi @EdoardoMelilli @wittykidney @poyanmehr @raja_1980 @ISNeducation @hswapnil… https://t.co/OXU42P2WqM",FALSE,3,"manishadassi",2017-08-29 16:09:32,TRUE,"902561232825212928","902563878873186304","788026796906205185","<a href=""http://twitter.com/download/android"" rel=""nofollow"">Twitter for Android</a>","manishadassi",0,FALSE,FALSE,NA,NA
"222","@Errantnephron @BajinderR @arvindcanchi @gag_aggarwal @unicipa @EdoardoMelilli @manishadassi @poyanmehr @raja_1980… https://t.co/7sZ7vymPEZ",FALSE,4,"Errantnephron",2017-08-29 16:01:16,TRUE,"902560888716218369","902561801312849920","726509609616334849","<a href=""http://twitter.com/#!/download/ipad"" rel=""nofollow"">Twitter for iPad</a>","wittykidney",0,FALSE,FALSE,NA,NA
"223","@Errantnephron @arvindcanchi @EdoardoMelilli @wittykidney @poyanmehr @raja_1980 @ISNeducation @hswapnil… https://t.co/PfGyo7wIPV",FALSE,3,"Errantnephron",2017-08-29 15:59:01,TRUE,"902548823632994304","902561232825212928","726509609616334849","<a href=""http://twitter.com/download/android"" rel=""nofollow"">Twitter for Android</a>","manishadassi",0,FALSE,FALSE,NA,NA
"224","@unicipa @arvindcanchi @EdoardoMelilli @manishadassi @poyanmehr @raja_1980 @ISNeducation @hswapnil @MayuriTrivedi80… https://t.co/iXurcVGgsG",FALSE,0,"unicipa",2017-08-29 15:57:17,TRUE,"902550013296820224","902560795577520128","1087413552","<a href=""http://twitter.com/#!/download/ipad"" rel=""nofollow"">Twitter for iPad</a>","wittykidney",0,FALSE,FALSE,NA,NA
"225","@arvindcanchi @gag_aggarwal @unicipa @EdoardoMelilli @manishadassi @poyanmehr @raja_1980 @ISNeducation @hswapnil… https://t.co/3CmctR4Muq",FALSE,4,"wittykidney",2017-08-29 15:38:29,TRUE,"902555810873704450","902556068005511169","750284544","<a href=""http://twitter.com/#!/download/ipad"" rel=""nofollow"">Twitter for iPad</a>","wittykidney",1,FALSE,FALSE,NA,NA
"226","@arvindcanchi @gag_aggarwal @unicipa @EdoardoMelilli @manishadassi @poyanmehr @raja_1980 @ISNeducation @hswapnil… https://t.co/qD32XNOi33",FALSE,4,"arvindcanchi",2017-08-29 15:37:28,TRUE,"902551866491387904","902555810873704450","2913871934","<a href=""http://twitter.com/#!/download/ipad"" rel=""nofollow"">Twitter for iPad</a>","wittykidney",0,FALSE,FALSE,NA,NA
"227","@arvindcanchi @gag_aggarwal @unicipa @EdoardoMelilli @wittykidney @poyanmehr @raja_1980 @ISNeducation @hswapnil… https://t.co/oiCDlek7es",FALSE,5,"arvindcanchi",2017-08-29 15:22:37,TRUE,"902551866491387904","902552071970242560","2913871934","<a href=""http://twitter.com/download/android"" rel=""nofollow"">Twitter for Android</a>","manishadassi",0,FALSE,FALSE,NA,NA
"228","@gag_aggarwal @unicipa @EdoardoMelilli @manishadassi @wittykidney @poyanmehr @raja_1980 @ISNeducation @hswapnil… https://t.co/Ipqeg5tpyV",FALSE,5,"gag_aggarwal",2017-08-29 15:21:48,TRUE,"902551365095833600","902551866491387904","3118417408","<a href=""http://twitter.com/download/iphone"" rel=""nofollow"">Twitter for iPhone</a>","arvindcanchi",0,FALSE,FALSE,NA,NA
"229","@unicipa @arvindcanchi @EdoardoMelilli @manishadassi @wittykidney @poyanmehr @raja_1980 @ISNeducation @hswapnil… https://t.co/Zi6HWtcog9",FALSE,6,"unicipa",2017-08-29 15:19:48,TRUE,"902550013296820224","902551365095833600","1087413552","<a href=""http://twitter.com/download/iphone"" rel=""nofollow"">Twitter for iPhone</a>","gag_aggarwal",0,FALSE,FALSE,NA,NA
"230","@arvindcanchi @EdoardoMelilli @manishadassi @wittykidney @poyanmehr @raja_1980 @ISNeducation @hswapnil… https://t.co/1YnRuNWAlV",FALSE,8,"arvindcanchi",2017-08-29 15:14:26,TRUE,"902546687847161856","902550013296820224","2913871934","<a href=""http://twitter.com"" rel=""nofollow"">Twitter Web Client</a>","unicipa",2,FALSE,FALSE,NA,NA
"231","@EdoardoMelilli @manishadassi @wittykidney @poyanmehr @raja_1980 @ISNeducation @hswapnil @MayuriTrivedi80… https://t.co/N9nlFY4Waj",FALSE,1,"EdoardoMelilli",2017-08-29 15:08:15,TRUE,"902548134731149314","902548458971701248","612793563","<a href=""http://twitter.com/download/iphone"" rel=""nofollow"">Twitter for iPhone</a>","arvindcanchi",0,FALSE,FALSE,NA,NA
"232","@arvindcanchi @wittykidney @poyanmehr @raja_1980 @ISNeducation @hswapnil @MayuriTrivedi80 @Nair_Sanj @gag_aggarwal… https://t.co/AS288aTNOD",FALSE,4,"manishadassi",2017-08-29 15:00:32,TRUE,"902546308870750208","902546516946112513","788026796906205185","<a href=""http://twitter.com/download/android"" rel=""nofollow"">Twitter for Android</a>","manishadassi",0,FALSE,FALSE,NA,NA
"233","@arvindcanchi @wittykidney @poyanmehr @raja_1980 @ISNeducation @hswapnil @MayuriTrivedi80 @Nair_Sanj @gag_aggarwal… https://t.co/GNojlpvlIX",FALSE,1,"arvindcanchi",2017-08-29 14:59:43,TRUE,"902545937293164544","902546308870750208","2913871934","<a href=""http://twitter.com/download/android"" rel=""nofollow"">Twitter for Android</a>","manishadassi",0,FALSE,FALSE,NA,NA
"234","@arvindcanchi @EdoardoMelilli @Errantnephron @wittykidney @poyanmehr @raja_1980 @ISNeducation @hswapnil… https://t.co/d06qa0IfYy",FALSE,1,"arvindcanchi",2017-08-29 14:58:22,TRUE,"902526248978489345","902545968834387968","2913871934","<a href=""http://twitter.com/download/android"" rel=""nofollow"">Twitter for Android</a>","manishadassi",0,FALSE,FALSE,NA,NA
"235","@arvindcanchi @wittykidney @poyanmehr @raja_1980 @ISNeducation @hswapnil @MayuriTrivedi80 @Nair_Sanj @gag_aggarwal… https://t.co/nRtLwMXWH9",FALSE,2,"arvindcanchi",2017-08-29 14:56:42,TRUE,"902519450624073730","902545552750952448","2913871934","<a href=""http://twitter.com/download/android"" rel=""nofollow"">Twitter for Android</a>","manishadassi",0,FALSE,FALSE,NA,NA
"236","@arvindcanchi @wittykidney @poyanmehr @raja_1980 @ISNeducation @hswapnil @MayuriTrivedi80 @Nair_Sanj @gag_aggarwal… https://t.co/aMIwYxDA9Q",FALSE,1,"arvindcanchi",2017-08-29 14:56:19,TRUE,"902519450624073730","902545456034603008","2913871934","<a href=""http://twitter.com/download/android"" rel=""nofollow"">Twitter for Android</a>","manishadassi",0,FALSE,FALSE,NA,NA
"237","@manishadassi @arvindcanchi @wittykidney @poyanmehr @ISNeducation @hswapnil @MayuriTrivedi80 @Nair_Sanj… https://t.co/Z2xiatqP23",FALSE,1,"manishadassi",2017-08-29 14:56:15,TRUE,"902543896705564676","902545438812790784","788026796906205185","<a href=""http://twitter.com/download/android"" rel=""nofollow"">Twitter for Android</a>","raja_1980",0,FALSE,FALSE,NA,NA
"238","@arvindcanchi @wittykidney @poyanmehr @raja_1980 @ISNeducation @hswapnil @MayuriTrivedi80 @Nair_Sanj @gag_aggarwal… https://t.co/OR77Wb0sRH",FALSE,1,"arvindcanchi",2017-08-29 14:55:32,TRUE,"902519450624073730","902545259468529664","2913871934","<a href=""http://twitter.com/download/android"" rel=""nofollow"">Twitter for Android</a>","manishadassi",0,FALSE,FALSE,NA,NA
"239","@raja_1980 @arvindcanchi @wittykidney @poyanmehr @ISNeducation @hswapnil @MayuriTrivedi80 @Nair_Sanj @gag_aggarwal… https://t.co/fWn8iutnuz",FALSE,1,"raja_1980",2017-08-29 14:52:36,TRUE,"902525431122767873","902544517584216064","373502699","<a href=""http://twitter.com/download/android"" rel=""nofollow"">Twitter for Android</a>","manishadassi",0,FALSE,FALSE,NA,NA
"240","@raja_1980 @arvindcanchi @wittykidney @poyanmehr @ISNeducation @hswapnil @MayuriTrivedi80 @Nair_Sanj @gag_aggarwal… https://t.co/SJgxRBK2NP",FALSE,1,"raja_1980",2017-08-29 14:50:08,TRUE,"902525431122767873","902543896705564676","373502699","<a href=""http://twitter.com/download/android"" rel=""nofollow"">Twitter for Android</a>","manishadassi",0,FALSE,FALSE,NA,NA
"241","RT @arvindcanchi: #ECNeph A young male with an unusual addiction (cough syrup) and #AKI. Join us this Thursday 31st Aug @ 10 pm IST for a d…",FALSE,0,NA,2017-08-29 14:29:13,FALSE,NA,"902538635412516864",NA,"<a href=""http://twitter.com/download/android"" rel=""nofollow"">Twitter for Android</a>","dytia_aurinh",14,TRUE,FALSE,NA,NA
"242","@arvindcanchi @wittykidney @poyanmehr @raja_1980 @ISNeducation @hswapnil @MayuriTrivedi80 @Nair_Sanj @manishadassi… https://t.co/FfzsnorWwY",FALSE,3,"arvindcanchi",2017-08-29 14:05:44,TRUE,"902529476034150402","902532726749876224","2913871934","<a href=""http://twitter.com/download/iphone"" rel=""nofollow"">Twitter for iPhone</a>","nephondemand",0,FALSE,FALSE,NA,NA
"243","@arvindcanchi Interesting. Any reason(s) why? #ANZSMasm #kidneywk #ecneph #isncon",FALSE,0,"arvindcanchi",2017-08-29 14:04:35,FALSE,"902531474343157761","902532433895096320","2913871934","<a href=""http://twitter.com/download/iphone"" rel=""nofollow"">Twitter for iPhone</a>","nephondemand",0,FALSE,FALSE,NA,NA
"244","@manishadassi @raja_1980 @wittykidney @poyanmehr @ISNeducation @hswapnil @MayuriTrivedi80 @Nair_Sanj @gag_aggarwal… https://t.co/aOpXcLKYfy",FALSE,2,"manishadassi",2017-08-29 13:58:03,TRUE,"902530578456576000","902530792189870085","788026796906205185","<a href=""http://twitter.com/download/android"" rel=""nofollow"">Twitter for Android</a>","arvindcanchi",0,FALSE,FALSE,NA,NA
"245","@manishadassi @raja_1980 @wittykidney @poyanmehr @ISNeducation @hswapnil @MayuriTrivedi80 @Nair_Sanj @gag_aggarwal… https://t.co/pPxKaIcGzF",FALSE,1,"manishadassi",2017-08-29 13:57:15,TRUE,"902530467999621121","902530589407961089","788026796906205185","<a href=""http://twitter.com/download/android"" rel=""nofollow"">Twitter for Android</a>","arvindcanchi",0,FALSE,FALSE,NA,NA
"246","@arvindcanchi @raja_1980 @wittykidney @poyanmehr @ISNeducation @hswapnil @MayuriTrivedi80 @Nair_Sanj @gag_aggarwal… https://t.co/GFjbuQ1uAi",FALSE,2,"arvindcanchi",2017-08-29 13:57:12,TRUE,"902530218425892865","902530578456576000","2913871934","<a href=""http://twitter.com/download/android"" rel=""nofollow"">Twitter for Android</a>","manishadassi",0,FALSE,FALSE,NA,NA
"247","@arvindcanchi @raja_1980 @wittykidney @poyanmehr @ISNeducation @hswapnil @MayuriTrivedi80 @Nair_Sanj @gag_aggarwal… https://t.co/sBXwgazxM8",FALSE,3,"arvindcanchi",2017-08-29 13:56:46,TRUE,"902530218425892865","902530467999621121","2913871934","<a href=""http://twitter.com/download/android"" rel=""nofollow"">Twitter for Android</a>","manishadassi",0,FALSE,FALSE,NA,NA
"248","@arvindcanchi @raja_1980 @wittykidney @poyanmehr @ISNeducation @hswapnil @MayuriTrivedi80 @Nair_Sanj @gag_aggarwal… https://t.co/IyKKwiIgOv",FALSE,2,"arvindcanchi",2017-08-29 13:56:21,TRUE,"902530218425892865","902530363758592003","2913871934","<a href=""http://twitter.com/download/android"" rel=""nofollow"">Twitter for Android</a>","manishadassi",0,FALSE,FALSE,NA,NA
"249","@raja_1980 @wittykidney @poyanmehr @ISNeducation @hswapnil @MayuriTrivedi80 @Nair_Sanj @manishadassi @gag_aggarwal… https://t.co/nwYA7rWdBl",FALSE,1,"raja_1980",2017-08-29 13:55:46,TRUE,"902525431122767873","902530218425892865","373502699","<a href=""http://twitter.com/download/android"" rel=""nofollow"">Twitter for Android</a>","arvindcanchi",0,FALSE,FALSE,NA,NA
"250","@nephondemand @wittykidney @poyanmehr @raja_1980 @ISNeducation @hswapnil @MayuriTrivedi80 @Nair_Sanj @manishadassi… https://t.co/tP543J5j31",FALSE,1,"nephondemand",2017-08-29 13:52:49,TRUE,"902522769929318400","902529476034150402","217779019","<a href=""http://twitter.com/download/android"" rel=""nofollow"">Twitter for Android</a>","arvindcanchi",0,FALSE,FALSE,NA,NA
